Player Name,Team Name,Price,Year
Ms dhoni,Chennai Super Kings,15 crore,2018
Suresh Raina,Chennai Super Kings,11 crore,2018
Deepak chahar,Chennai Super Kings,8 crore,2018
Kedar jadhav,Chennai Super Kings,7.8 crore,2018
Ravindra jadeja,Chennai Super Kings,7 crore,2018
Dwayne bravo,Chennai Super Kings,6.4 crore,2018
Karn sharma,Chennai Super Kings,5 crore,2018
Shane watson,Chennai Super Kings,4 crore,2018
Shardul thakur,Chennai Super Kings,2.6 crore,2018
Ambati rayudu,Chennai Super Kings,2.2 crore,2018
David willey,Chennai Super Kings,2 crore,2018
Harbhajan singh,Chennai Super Kings,2 crore,2018
Murali vijay,Chennai Super Kings,2 crore,2018
Faf du Plessis,Chennai Super Kings,1.6 crore,2018
Mark wood,Chennai Super Kings,1.5 crore,2018
Imran Tahir,Chennai Super Kings,1 crore,2018
Sam billings,Chennai Super Kings,1 crore,2018
Lungi Ngidi,Chennai Super Kings,0.5 crore,2018
Km asif,Chennai Super Kings,0.4 crore,2018
Dhruv shorey,Chennai Super Kings,0.2 crore,2018
Chris morris,Delhi Daredevils,11 crore,2018
Glenn maxwell,Delhi Daredevils,9 crore,2018
Rishabh pant,Delhi Daredevils,8 crore,2018
Shreyas iyer,Delhi Daredevils,7 crore,2018
Amit mishra,Delhi Daredevils,4 crore,2018
Shahbaz nadeem,Delhi Daredevils,3.2 crore,2018
Vijay shankar,Delhi Daredevils,3.2 crore,2018
Mohammad shami,Delhi Daredevils,3 crore,2018
Rahul tewatia,Delhi Daredevils,3 crore,2018
Gautam Gambhir,Delhi Daredevils,2.8 crore,2018
Trent boult,Delhi Daredevils,2.2 crore,2018
Liam Plunkett,Delhi Daredevils,2 crore,2018
Colin munro,Delhi Daredevils,1.9 crore,2018
Daniel christian,Delhi Daredevils,1.5 crore,2018
Jason Roy,Delhi Daredevils,1.5 crore,2018
Naman Ojha,Delhi Daredevils,1.4 crore,2018
Prithvi shaw,Delhi Daredevils,1.2 crore,2018
Avesh khan,Delhi Daredevils,0.75 crore,2018
Abhishek sharma,Delhi Daredevils,0.55 crore,2018
Junior Dala,Delhi Daredevils,0.5 crore,2018
Harshal patel,Delhi Daredevils,0.2 crore,2018
Sandeep lamichhane,Delhi Daredevils,0.2 crore,2018
Axar patel,Kings XI Punjab,12.5 crore,2018
Lokesh rahul,Kings XI Punjab,11 crore,2018
Ravichandran ashwin,Kings XI Punjab,7.6 crore,2018
Andrew tye,Kings XI Punjab,7.2 crore,2018
Aaron Finch,Kings XI Punjab,6.2 crore,2018
Marcus Stoinis,Kings XI Punjab,6.2 crore,2018
Karun nair,Kings XI Punjab,5.6 crore,2018
Mujeeb zadran,Kings XI Punjab,4 crore,2018
Ankit rajpoot,Kings XI Punjab,3 crore,2018
David Miller,Kings XI Punjab,3 crore,2018
Mohit sharma,Kings XI Punjab,2.4 crore,2018
Brainder sran,Kings XI Punjab,2.2 crore,2018
Chris gayle,Kings XI Punjab,2 crore,2018
Yuvraj singh,Kings XI Punjab,2 crore,2018
Mayank dagar,Kings XI Punjab,1.6 crore,2018
Akshdeep nath,Kings XI Punjab,1 crore,2018
Manoj tiwary,Kings XI Punjab,1 crore,2018
Mayank agarwal,Kings XI Punjab,1 crore,2018
Chris lynn,Kolkata Knight Riders,9.6 crore,2018
Andre russell,Kolkata Knight Riders,8.5 crore,2018
Sunil narine,Kolkata Knight Riders,8.5 crore,2018
Dinesh karthik,Kolkata Knight Riders,7.4 crore,2018
Robin uthappa,Kolkata Knight Riders,6.4 crore,2018
Kuldeep yadav,Kolkata Knight Riders,5.8 crore,2018
Piyush chawla,Kolkata Knight Riders,4.2 crore,2018
Nitish rana,Kolkata Knight Riders,3.4 crore,2018
Shivam mavi,Kolkata Knight Riders,3 crore,2018
Mitchell johnson,Kolkata Knight Riders,2 crore,2018
Shubman gill,Kolkata Knight Riders,1.8 crore,2018
Tom curran,Kolkata Knight Riders,1 crore,2018
Vinay kumar,Kolkata Knight Riders,1 crore,2018
Rinku singh,Kolkata Knight Riders,0.8 crore,2018
Javon searles,Kolkata Knight Riders,0.3 crore,2018
Prasidh krishna,Kolkata Knight Riders,0.2 crore,2018
Rohit sharma,Mumbai Indians,15 crore,2018
Hardik pandya,Mumbai Indians,11 crore,2018
Krunal pandya,Mumbai Indians,8.8 crore,2018
Jasprit bumrah,Mumbai Indians,7 crore,2018
Ishan kishan,Mumbai Indians,6.2 crore,2018
Kieron Pollard,Mumbai Indians,5.4 crore,2018
Evin lewis,Mumbai Indians,3.8 crore,2018
Suryakumar yadav,Mumbai Indians,3.2 crore,2018
Ben cutting,Mumbai Indians,2.2 crore,2018
Mustafizur rahman,Mumbai Indians,2.2 crore,2018
Rahul chahar,Mumbai Indians,1.9 crore,2018
Pradeep sangwan,Mumbai Indians,1.5 crore,2018
Jean paul duminy,Mumbai Indians,1 crore,2018
Mitchell mcclenaghan,Mumbai Indians,1 crore,2018
Akila dananjaya,Mumbai Indians,0.5 crore,2018
Aditya tare,Mumbai Indians,0.2 crore,2018
Mayank markande,Mumbai Indians,0.2 crore,2018
Ben stokes,Rajasthan Royals,12.5 crore,2018
Jaydev unadkat,Rajasthan Royals,11.5 crore,2018
Sanju samson,Rajasthan Royals,8 crore,2018
Jofra Archer,Rajasthan Royals,7.2 crore,2018
Krishnappa gowtham,Rajasthan Royals,6.2 crore,2018
Jos Buttler,Rajasthan Royals,4.4 crore,2018
Ajinkya rahane,Rajasthan Royals,4 crore,2018
Rahul tripathi,Rajasthan Royals,3.4 crore,2018
Dhawal kulkarni,Rajasthan Royals,0.75 crore,2018
Ben laughlin,Rajasthan Royals,0.5 crore,2018
Heinrich Klaasen,Rajasthan Royals,0.5 crore,2018
Ish sodhi,Rajasthan Royals,0.5 crore,2018
Stuart Binny,Rajasthan Royals,0.5 crore,2018
Anureet Singh,Rajasthan Royals,0.3 crore,2018
Ankit sharma,Rajasthan Royals,0.2 crore,2018
Mahipal lomror,Rajasthan Royals,0.2 crore,2018
Prashant chopra,Rajasthan Royals,0.2 crore,2018
Shreyas gopal,Rajasthan Royals,0.2 crore,2018
Virat kohli,Royal Challengers Bangalore,17 crore,2018
Ab de villiers,Royal Challengers Bangalore,11 crore,2018
Chris woakes,Royal Challengers Bangalore,7.4 crore,2018
Yuzvendra chahal,Royal Challengers Bangalore,6 crore,2018
Umesh yadav,Royal Challengers Bangalore,4.2 crore,2018
Brendon mccullum,Royal Challengers Bangalore,3.6 crore,2018
Washington sundar,Royal Challengers Bangalore,3.2 crore,2018
Quinton de Kock,Royal Challengers Bangalore,2.8 crore,2018
Mohammed siraj,Royal Challengers Bangalore,2.6 crore,2018
Colin de grandhomme,Royal Challengers Bangalore,2.2 crore,2018
Murugan ashwin,Royal Challengers Bangalore,2.2 crore,2018
Corey anderson,Royal Challengers Bangalore,2 crore,2018
Sarfaraz khan,Royal Challengers Bangalore,1.75 crore,2018
Moeen Ali,Royal Challengers Bangalore,1.7 crore,2018
Mandeep singh,Royal Challengers Bangalore,1.4 crore,2018
Manan vohra,Royal Challengers Bangalore,1.1 crore,2018
Pawan negi,Royal Challengers Bangalore,1 crore,2018
Tim southee,Royal Challengers Bangalore,1 crore,2018
Kulwant khejroliya,Royal Challengers Bangalore,0.85 crore,2018
Parthiv patel,Royal Challengers Bangalore,0.2 crore,2018
Manish pandey,Sunrisers Hyderabad,11 crore,2018
Rashid Khan,Sunrisers Hyderabad,9 crore,2018
Bhuvneshwar kumar,Sunrisers Hyderabad,8.5 crore,2018
Shikhar dhawan,Sunrisers Hyderabad,5.2 crore,2018
Wriddhiman saha,Sunrisers Hyderabad,5 crore,2018
Siddarth kaul,Sunrisers Hyderabad,3.8 crore,2018
Deepak hooda,Sunrisers Hyderabad,3.6 crore,2018
Khaleel ahmed,Sunrisers Hyderabad,3 crore,2018
Sandeep sharma,Sunrisers Hyderabad,3 crore,2018
Kane williamson,Sunrisers Hyderabad,3 crore,2018
Carlos brathwaite,Sunrisers Hyderabad,2 crore,2018
Chris jordan,Sunrisers Hyderabad,2 crore,2018
Shakib al hasan,Sunrisers Hyderabad,2 crore,2018
Yusuf Pathan,Sunrisers Hyderabad,1.9 crore,2018
Alex hales,Sunrisers Hyderabad,1 crore,2018
Mohammad nabi,Sunrisers Hyderabad,1 crore,2018
Shreevats goswami,Sunrisers Hyderabad,1 crore,2018
Basil thampi,Sunrisers Hyderabad,0.95 crore,2018
Billy stanlake,Sunrisers Hyderabad,0.5 crore,2018
Ricky bhui,Sunrisers Hyderabad,0.2 crore,2018
Ms dhoni,Chennai Super Kings,15 crore,2019
Suresh Raina,Chennai Super Kings,11.0 crore,2019
Deepak chahar,Chennai Super Kings,8 crore,2019
Kedar jadhav,Chennai Super Kings,7.8 crore,2019
Ravindra jadeja,Chennai Super Kings,7 crore,2019
Dwayne bravo,Chennai Super Kings,6.4 crore,2019
Mohit sharma,Chennai Super Kings,5 crore,2019
Karn sharma,Chennai Super Kings,5 crore,2019
Shane watson,Chennai Super Kings,4 crore,2019
Shardul thakur,Chennai Super Kings,2.6 crore,2019
Ambati rayudu,Chennai Super Kings,2.2 crore,2019
Murali vijay,Chennai Super Kings,2 crore,2019
Harbhajan singh,Chennai Super Kings,2 crore,2019
Faf du Plessis,Chennai Super Kings,1.6 crore,2019
Imran Tahir,Chennai Super Kings,1 crore,2019
Sam billings,Chennai Super Kings,1 crore,2019
Mitchell santner,Chennai Super Kings,0.5 crore,2019
Scott kuggeleijn,Chennai Super Kings,0.5 crore,2019
Dhruv shorey,Chennai Super Kings,0.2 crore,2019
Sandeep lamichhane,Delhi Capitals,20 crore,2019
Chris morris,Delhi Capitals,11 crore,2019
Rishabh pant,Delhi Capitals,8 crore,2019
Shreyas iyer,Delhi Capitals,7 crore,2019
Colin Ingram,Delhi Capitals,6.4 crore,2019
Shikhar dhawan,Delhi Capitals,5.2 crore,2019
Axar patel,Delhi Capitals,5 crore,2019
Kagiso Rabada,Delhi Capitals,4.2 crore,2019
Amit mishra,Delhi Capitals,4 crore,2019
Rahul tewatia,Delhi Capitals,3 crore,2019
Hanuma vihari,Delhi Capitals,2 crore,2019
Sherfane rutherford,Delhi Capitals,2 crore,2019
Colin munro,Delhi Capitals,1.9 crore,2019
Prithvi shaw,Delhi Capitals,1.2 crore,2019
Ishant sharma,Delhi Capitals,1.1 crore,2019
Avesh khan,Delhi Capitals,0.7 crore,2019
Keemo Paul,Delhi Capitals,0.5 crore,2019
Jagadeesha suchith,Delhi Capitals,0.2 crore,2019
Harshal patel,Delhi Capitals,0.2 crore,2019
Trent boult,Delhi Capitals,0 crore,2019
Lokesh rahul,Kings XI Punjab,11 crore,2019
Varun chakravarthy,Kings XI Punjab,8.4 crore,2019
Ravichandran ashwin,Kings XI Punjab,7.6 crore,2019
Sam Curran,Kings XI Punjab,7.2 crore,2019
Andrew tye,Kings XI Punjab,7.2 crore,2019
Karun nair,Kings XI Punjab,5.6 crore,2019
Mohammad shami,Kings XI Punjab,4.8 crore,2019
Simran singh,Kings XI Punjab,4.8 crore,2019
Nicholas Pooran,Kings XI Punjab,4.2 crore,2019
Ankit rajpoot,Kings XI Punjab,3 crore,2019
David Miller,Kings XI Punjab,3 crore,2019
Murugan ashwin,Kings XI Punjab,2.2 crore,2019
Hardus Viljoen,Kings XI Punjab,2 crore,2019
Chris gayle,Kings XI Punjab,2 crore,2019
Mayank agarwal,Kings XI Punjab,1 crore,2019
Moises henriques,Kings XI Punjab,1 crore,2019
Sarfaraz khan,Kings XI Punjab,0.25 crore,2019
Harpreet brar,Kings XI Punjab,0.2 crore,2019
Arshdeep singh,Kings XI Punjab,0 crore,2019
Mandeep singh,Kings XI Punjab,0 crore,2019
Sunil narine,Kolkata Knight Riders,12.5 crore,2019
Chris lynn,Kolkata Knight Riders,9.6 crore,2019
Andre russell,Kolkata Knight Riders,8.5 crore,2019
Dinesh karthik,Kolkata Knight Riders,7.4 crore,2019
Robin uthappa,Kolkata Knight Riders,6.4 crore,2019
Kuldeep yadav,Kolkata Knight Riders,5.8 crore,2019
Carlos brathwaite,Kolkata Knight Riders,5 crore,2019
Piyush chawla,Kolkata Knight Riders,4.2 crore,2019
Nitish rana,Kolkata Knight Riders,3.4 crore,2019
Shubman gill,Kolkata Knight Riders,1.8 crore,2019
Lockie ferguson,Kolkata Knight Riders,1.6 crore,2019
Joe denly,Kolkata Knight Riders,1 crore,2019
Rinku singh,Kolkata Knight Riders,0.8 crore,2019
Harry gurney,Kolkata Knight Riders,0.75 crore,2019
Kc cariappa,Kolkata Knight Riders,0.2 crore,2019
Nikhil naik,Kolkata Knight Riders,0.2 crore,2019
Prithvi raj,Kolkata Knight Riders,0.2 crore,2019
Sandeep warrier,Kolkata Knight Riders,0.2 crore,2019
Prasidh krishna,Kolkata Knight Riders,0.2 crore,2019
Rohit sharma,Mumbai Indians,15 crore,2019
Hardik pandya,Mumbai Indians,11 crore,2019
Krunal pandya,Mumbai Indians,8.8 crore,2019
Jasprit bumrah,Mumbai Indians,7 crore,2019
Ishan kishan,Mumbai Indians,6.2 crore,2019
Kieron Pollard,Mumbai Indians,5.40 crore,2019
Evin lewis,Mumbai Indians,3.8 crore,2019
Brainder sran,Mumbai Indians,3.4 crore,2019
Suryakumar yadav,Mumbai Indians,3.2 crore,2019
Quinton de Kock,Mumbai Indians,2.8 crore,2019
Ben cutting,Mumbai Indians,2.2 crore,2019
Lasith malinga,Mumbai Indians,2 crore,2019
Rahul chahar,Mumbai Indians,1.9 crore,2019
Jason behrendorff,Mumbai Indians,1.5 crore,2019
Mayank markande,Mumbai Indians,1.5 crore,2019
Yuvraj singh,Mumbai Indians,1 crore,2019
Mitchell mcclenaghan,Mumbai Indians,1 crore,2019
Anmolpreet singh,Mumbai Indians,0.8 crore,2019
Alzarri joseph,Mumbai Indians,0.75 crore,2019
Anukul roy,Mumbai Indians,0.2 crore,2019
Siddhesh lad,Mumbai Indians,0.2 crore,2019
Rasikh salam,Mumbai Indians,0.02 crore,2019
Jayant yadav,Mumbai Indians,0 crore,2019
Ben stokes,Rajasthan Royals,12.5 crore,2019
Jaydev unadkat,Rajasthan Royals,8.4 crore,2019
Sanju samson,Rajasthan Royals,8 crore,2019
Jofra Archer,Rajasthan Royals,7.2 crore,2019
Krishnappa gowtham,Rajasthan Royals,6.2 crore,2019
Jos Buttler,Rajasthan Royals,4.4 crore,2019
Ajinkya rahane,Rajasthan Royals,4 crore,2019
Steven smith,Rajasthan Royals,4 crore,2019
Rahul tripathi,Rajasthan Royals,3.4 crore,2019
Varun aaron,Rajasthan Royals,2.4 crore,2019
Oshane thomas,Rajasthan Royals,1.1 crore,2019
Dhawal kulkarni,Rajasthan Royals,0.75 crore,2019
Ashton turner,Rajasthan Royals,0.5 crore,2019
Liam Livingstone,Rajasthan Royals,0.5 crore,2019
Stuart Binny,Rajasthan Royals,0.5 crore,2019
Mahipal lomror,Rajasthan Royals,0.2 crore,2019
Prashant chopra,Rajasthan Royals,0.2 crore,2019
Riyan parag,Rajasthan Royals,0.2 crore,2019
Sudhesan midhun,Rajasthan Royals,0.2 crore,2019
Shreyas gopal,Rajasthan Royals,0.2 crore,2019
Ish sodhi,Rajasthan Royals,0 crore,2019
Virat kohli,Royal Challengers Bangalore,17 crore,2019
Ab de villiers,Royal Challengers Bangalore,11 crore,2019
Marcus Stoinis,Royal Challengers Bangalore,6.2 crore,2019
Yuzvendra chahal,Royal Challengers Bangalore,6 crore,2019
Shivam dube,Royal Challengers Bangalore,5 crore,2019
Shimron hetmyer,Royal Challengers Bangalore,4.2 crore,2019
Umesh yadav,Royal Challengers Bangalore,4.2 crore,2019
Akshdeep nath,Royal Challengers Bangalore,3.6 crore,2019
Washington sundar,Royal Challengers Bangalore,3.2 crore,2019
Navdeep saini,Royal Challengers Bangalore,3 crore,2019
Mohammed siraj,Royal Challengers Bangalore,2.6 crore,2019
Colin de grandhomme,Royal Challengers Bangalore,2.2 crore,2019
Moeen Ali,Royal Challengers Bangalore,1.7 crore,2019
Parthiv patel,Royal Challengers Bangalore,1.7 crore,2019
Prayas ray barman,Royal Challengers Bangalore,1.5 crore,2019
Dale steyn,Royal Challengers Bangalore,1 crore,2019
Pawan negi,Royal Challengers Bangalore,1 crore,2019
Tim southee,Royal Challengers Bangalore,1 crore,2019
Kulwant khejroliya,Royal Challengers Bangalore,0.85 crore,2019
Gurkeerat singh,Royal Challengers Bangalore,0.5 crore,2019
Heinrich Klaasen,Royal Challengers Bangalore,0.5 crore,2019
Milind Kumar,Royal Challengers Bangalore,0.2 crore,2019
David warner,Sunrisers Hyderabad,12.5 crore,2019
Manish pandey,Sunrisers Hyderabad,11 crore,2019
Rashid Khan,Sunrisers Hyderabad,9 crore,2019
Bhuvneshwar kumar,Sunrisers Hyderabad,8.5 crore,2019
Deepak hooda,Sunrisers Hyderabad,5.4 crore,2019
Siddarth kaul,Sunrisers Hyderabad,3.8 crore,2019
Shahbaz nadeem,Sunrisers Hyderabad,3.2 crore,2019
Vijay shankar,Sunrisers Hyderabad,3.2 crore,2019
Khaleel ahmed,Sunrisers Hyderabad,3 crore,2019
Kane williamson,Sunrisers Hyderabad,3 crore,2019
Sandeep sharma,Sunrisers Hyderabad,3 crore,2019
Jonny bairstow,Sunrisers Hyderabad,2.2 crore,2019
Shakib al hasan,Sunrisers Hyderabad,2 crore,2019
Yusuf Pathan,Sunrisers Hyderabad,1.9 crore,2019
Wriddhiman saha,Sunrisers Hyderabad,1.2 crore,2019
Martin guptill,Sunrisers Hyderabad,1 crore,2019
Mohammad nabi,Sunrisers Hyderabad,1 crore,2019
Basil thampi,Sunrisers Hyderabad,0.95 crore,2019
Abhishek sharma,Sunrisers Hyderabad,0.55 crore,2019
Ricky bhui,Sunrisers Hyderabad,0.2 crore,2019
Ms dhoni,Chennai Super Kings,15 crore,2020
Suresh Raina,Chennai Super Kings,11 crore,2020
Deepak chahar,Chennai Super Kings,8 crore,2020
Kedar jadhav,Chennai Super Kings,7.8 crore,2020
Ravindra jadeja,Chennai Super Kings,7 crore,2020
Piyush chawla,Chennai Super Kings,6.75 crore,2020
Dwayne bravo,Chennai Super Kings,6.4 crore,2020
Sam Curran,Chennai Super Kings,5.5 crore,2020
Karn sharma,Chennai Super Kings,5 crore,2020
Shane watson,Chennai Super Kings,4 crore,2020
Shardul thakur,Chennai Super Kings,2.6 crore,2020
Saurav Chauhan,Chennai Super Kings,2.2 crore,2020
Josh Hazlewood,Chennai Super Kings,2 crore,2020
Murali vijay,Chennai Super Kings,2 crore,2020
Harbhajan singh,Chennai Super Kings,2 crore,2020
Faf du Plessis,Chennai Super Kings,1.6 crore,2020
Imran Tahir,Chennai Super Kings,1 crore,2020
Mitchell santner,Chennai Super Kings,0.5 crore,2020
Andre Siddarth,Chennai Super Kings,0.5 crore,2020
Manvanth Kumar,Chennai Super Kings,0.2 crore,2020
Ruturaj Gaikwad,Chennai Super Kings,0.2 crore,2020
Sumit Kumar,Chennai Super Kings,0.2 crore,2020
Sushant Mishra,Chennai Super Kings,0.2 crore,2020
Shamar Joseph,Chennai Super Kings,0 crore,2020
Rishabh pant,Delhi Capitals,8 crore,2020
Aamer Jamal,Delhi Capitals,7.75 crore,2020
Ravichandran ashwin,Delhi Capitals,7.6 crore,2020
Shreyas iyer,Delhi Capitals,7 crore,2020
Ajinkya rahane,Delhi Capitals,5.25 crore,2020
Shikhar dhawan,Delhi Capitals,5.2 crore,2020
Ashok Sharma,Delhi Capitals,5 crore,2020
Marcus Stoinis,Delhi Capitals,4.8 crore,2020
Kagiso Rabada,Delhi Capitals,4.2 crore,2020
Amit mishra,Delhi Capitals,4 crore,2020
Alex Carey,Delhi Capitals,2.4 crore,2020
Chris woakes,Delhi Capitals,1.5 crore,2020
Jason Roy,Delhi Capitals,1.5 crore,2020
Prithvi shaw,Delhi Capitals,1.2 crore,2020
Ishant sharma,Delhi Capitals,1.1 crore,2020
Avesh khan,Delhi Capitals,0.7 crore,2020
Mohit sharma,Delhi Capitals,0.5 crore,2020
Anrich Nortje,Delhi Capitals,0.5 crore,2020
Keemo Paul,Delhi Capitals,0.5 crore,2020
AM Ghazanfar,Delhi Capitals,0.2 crore,2020
Harshal patel,Delhi Capitals,0.2 crore,2020
Tushar Deshpande,Delhi Capitals,0.2 crore,2020
Sandeep lamichhane,Delhi Capitals,0.2 crore,2020
Lokesh rahul,Kings XI Punjab,11 crore,2020
Glenn maxwell,Kings XI Punjab,10.75 crore,2020
Isitha Wijesundara,Kings XI Punjab,8.5 crore,2020
Colin Archibald,Kings XI Punjab,6.2 crore,2020
Karun nair,Kings XI Punjab,5.6 crore,2020
Mohammad shami,Kings XI Punjab,4.8 crore,2020
Simran singh,Kings XI Punjab,4.8 crore,2020
Nicholas Pooran,Kings XI Punjab,4.2 crore,2020
Chris jordan,Kings XI Punjab,3.00 crore,2020
Chris gayle,Kings XI Punjab,2 crore,2020
Harpreet brar,Kings XI Punjab,2 crore,2020
Ravi Bishnoi,Kings XI Punjab,2 crore,2020
Mayank agarwal,Kings XI Punjab,1 crore,2020
Hardus Viljoen,Kings XI Punjab,0.75 crore,2020
Simran singh,Kings XI Punjab,0.55 crore,2020
Deepak hooda,Kings XI Punjab,0.5 crore,2020
Harry Dixon,Kings XI Punjab,0.5 crore,2020
Mandeep singh,Kings XI Punjab,0.5 crore,2020
Christopher King,Kings XI Punjab,0.3 crore,2020
Sarfaraz khan,Kings XI Punjab,0.25 crore,2020
Heath Richards,Kings XI Punjab,0.2 crore,2020
Iain Carlisle,Kings XI Punjab,0.2 crore,2020
Jagadeesha suchith,Kings XI Punjab,0.2 crore,2020
Murugan ashwin,Kings XI Punjab,0.2 crore,2020
Arshdeep singh,Kings XI Punjab,0.2 crore,2020
Patrick cummins,Kolkata Knight Riders,15.5 crore,2020
Sunil narine,Kolkata Knight Riders,12.5 crore,2020
Andre russell,Kolkata Knight Riders,8.5 crore,2020
Kuldeep yadav,Kolkata Knight Riders,5.8 crore,2020
Dinesh karthik,Kolkata Knight Riders,5.4 crore,2020
Eoin morgan,Kolkata Knight Riders,5.25 crore,2020
Varun chakravarthy,Kolkata Knight Riders,4 crore,2020
Nitish rana,Kolkata Knight Riders,3.4 crore,2020
Kamlesh Nagarkoti,Kolkata Knight Riders,3.2 crore,2020
Shivam mavi,Kolkata Knight Riders,3 crore,2020
Joshua Tromp,Kolkata Knight Riders,1.8 crore,2020
Lockie ferguson,Kolkata Knight Riders,1.6 crore,2020
Tom Banton,Kolkata Knight Riders,1 crore,2020
Rinku singh,Kolkata Knight Riders,0.8 crore,2020
Harry gurney,Kolkata Knight Riders,0.75 crore,2020
Rahul tripathi,Kolkata Knight Riders,0.6 crore,2020
Chris Green,Kolkata Knight Riders,0.2 crore,2020
Keaton Jennings,Kolkata Knight Riders,0.2 crore,2020
Luvnith Sisodia,Kolkata Knight Riders,0.2 crore,2020
Pravin tambe,Kolkata Knight Riders,0.2 crore,2020
Sandeep warrier,Kolkata Knight Riders,0.2 crore,2020
Siddhesh lad,Kolkata Knight Riders,0.2 crore,2020
Prasidh krishna,Kolkata Knight Riders,0 crore,2020
Rohit sharma,Mumbai Indians,15 crore,2020
Krunal pandya,Mumbai Indians,8.8 crore,2020
Nathan coulter nile,Mumbai Indians,8 crore,2020
Jasprit bumrah,Mumbai Indians,7 crore,2020
Ishan kishan,Mumbai Indians,6.2 crore,2020
Kieron Pollard,Mumbai Indians,5.4 crore,2020
Trent boult,Mumbai Indians,3.2 crore,2020
Quinton de Kock,Mumbai Indians,2.8 crore,2020
Suryakumar yadav,Mumbai Indians,2.2 crore,2020
Chris lynn,Mumbai Indians,2 crore,2020
Naman Dhir,Mumbai Indians,2 crore,2020
Rahul chahar,Mumbai Indians,1.9 crore,2020
Mitchell mcclenaghan,Mumbai Indians,1 crore,2020
Anmolpreet singh,Mumbai Indians,0.8 crore,2020
Dhawal kulkarni,Mumbai Indians,0.75 crore,2020
Saurabh tiwary,Mumbai Indians,0.5 crore,2020
Jayant yadav,Mumbai Indians,0.5 crore,2020
Aditya tare,Mumbai Indians,0.2 crore,2020
Anshul Kamboj,Mumbai Indians,0.2 crore,2020
Mohammed Shami,Mumbai Indians,0.2 crore,2020
Sameer Rizvi,Mumbai Indians,0.2 crore,2020
Lasith malinga,Mumbai Indians,0 crore,2020
Sherfane rutherford,Mumbai Indians,0 crore,2020
Hardik pandya,Mumbai Indians,0 crore,2020
Steven smith,Rajasthan Royals,12.5 crore,2020
Sanju samson,Rajasthan Royals,8 crore,2020
Jofra Archer,Rajasthan Royals,7.2 crore,2020
Mikyle Louis,Rajasthan Royals,4.4 crore,2020
Ankit rajpoot,Rajasthan Royals,3 crore,2020
Jaydev unadkat,Rajasthan Royals,3 crore,2020
Rahul tewatia,Rajasthan Royals,3 crore,2020
Robin uthappa,Rajasthan Royals,3 crore,2020
Yashasvi Jaiswal,Rajasthan Royals,2.4 crore,2020
Mayank markande,Rajasthan Royals,2 crore,2020
Kartik Tyagi,Rajasthan Royals,1.3 crore,2020
Andrew tye,Rajasthan Royals,1 crore,2020
Tom curran,Rajasthan Royals,1 crore,2020
Mohammad Ali,Rajasthan Royals,0.8 crore,2020
Shreyas gopal,Rajasthan Royals,0.8 crore,2020
David Miller,Rajasthan Royals,0.75 crore,2020
Oshane thomas,Rajasthan Royals,0.5 crore,2020
Malsha Tharupathi,Rajasthan Royals,0.3 crore,2020
Mahipal lomror,Rajasthan Royals,0.2 crore,2020
Manan vohra,Rajasthan Royals,0.2 crore,2020
Pat Cummins,Rajasthan Royals,0.2 crore,2020
Pathum Kumara,Rajasthan Royals,0.2 crore,2020
Riyan parag,Rajasthan Royals,0.2 crore,2020
Varun aaron,Rajasthan Royals,0 crore,2020
Ben stokes,Rajasthan Royals,0 crore,2020
Virat kohli,Royal Challengers Bangalore,17 crore,2020
Ab de villiers,Royal Challengers Bangalore,11 crore,2020
Ronan Herrmann,Royal Challengers Bangalore,10 crore,2020
Yuzvendra chahal,Royal Challengers Bangalore,6 crore,2020
Shivam dube,Royal Challengers Bangalore,5 crore,2020
Aaron Finch,Royal Challengers Bangalore,4.4 crore,2020
Umesh yadav,Royal Challengers Bangalore,4.2 crore,2020
Kane richardson,Royal Challengers Bangalore,4 crore,2020
Washington sundar,Royal Challengers Bangalore,3.2 crore,2020
Navdeep saini,Royal Challengers Bangalore,3 crore,2020
Thomas Kaber,Royal Challengers Bangalore,2.6 crore,2020
Dale steyn,Royal Challengers Bangalore,2 crore,2020
Moeen Ali,Royal Challengers Bangalore,1.7 crore,2020
Pawan negi,Royal Challengers Bangalore,1 crore,2020
Gurkeerat singh,Royal Challengers Bangalore,0.5 crore,2020
Nqabayomzi Peter,Royal Challengers Bangalore,0.5 crore,2020
Keith Dudgeon,Royal Challengers Bangalore,0.2 crore,2020
Kwena Maphaka,Royal Challengers Bangalore,0.2 crore,2020
Patrick Kruger,Royal Challengers Bangalore,0.2 crore,2020
Devdutt Padikkal,Royal Challengers Bangalore,0.2 crore,2020
Kyle Simmonds,Royal Challengers Bangalore,0 crore,2020
David warner,Sunrisers Hyderabad,12.5 crore,2020
Manish pandey,Sunrisers Hyderabad,11 crore,2020
Rashid Khan,Sunrisers Hyderabad,9 crore,2020
Bhuvneshwar kumar,Sunrisers Hyderabad,8.5 crore,2020
T natarajan,Sunrisers Hyderabad,4 crore,2020
Siddarth kaul,Sunrisers Hyderabad,3.8 crore,2020
Vijay shankar,Sunrisers Hyderabad,3.2 crore,2020
Kane williamson,Sunrisers Hyderabad,3 crore,2020
Khaleel ahmed,Sunrisers Hyderabad,3 crore,2020
Jonny bairstow,Sunrisers Hyderabad,2.2 crore,2020
Mitchell marsh,Sunrisers Hyderabad,2 crore,2020
Priyam Garg,Sunrisers Hyderabad,1.9 crore,2020
Ranesh Silva,Sunrisers Hyderabad,1.9 crore,2020
Wriddhiman saha,Sunrisers Hyderabad,1.2 crore,2020
Shreevats goswami,Sunrisers Hyderabad,1 crore,2020
Mohammad nabi,Sunrisers Hyderabad,1 crore,2020
Basil thampi,Sunrisers Hyderabad,0.95 crore,2020
Abhishek sharma,Sunrisers Hyderabad,0.55 crore,2020
Billy stanlake,Sunrisers Hyderabad,0.5 crore,2020
Fabian Allen,Sunrisers Hyderabad,0.5 crore,2020
Shahbaz nadeem,Sunrisers Hyderabad,0.5 crore,2020
Sandeep sharma,Sunrisers Hyderabad,0.3 crore,2020
Abdul Samad,Sunrisers Hyderabad,0.2 crore,2020
Ryan John,Sunrisers Hyderabad,0.2 crore,2020
Saad Bin Zafar,Sunrisers Hyderabad,0.2 crore,2020
Ms dhoni,Chennai Super Kings,15 crore,2021
Deepak chahar,Chennai Super Kings,14 crore,2021
Moeen Ali,Chennai Super Kings,7 crore,2021
Ravindra jadeja,Chennai Super Kings,7 crore,2021
Dwayne bravo,Chennai Super Kings,6.75 crore,2021
Sam Curran,Chennai Super Kings,5.5 crore,2021
Shardul thakur,Chennai Super Kings,2.6 crore,2021
Ambati rayudu,Chennai Super Kings,2.2 crore,2021
Suresh Raina,Chennai Super Kings,2 crore,2021
Ruturaj Gaikwad,Chennai Super Kings,0.2 crore,2021
Faf du Plessis,Chennai Super Kings,0 crore,2021
Rishabh pant,Delhi Capitals,16 crore,2021
Shimron hetmyer,Delhi Capitals,7.75 crore,2021
Ravichandran ashwin,Delhi Capitals,7.6 crore,2021
Shreyas iyer,Delhi Capitals,7 crore,2021
Tom curran,Delhi Capitals,5.25 crore,2021
Shikhar dhawan,Delhi Capitals,5.2 crore,2021
Marcus Stoinis,Delhi Capitals,4.8 crore,2021
Amit mishra,Delhi Capitals,2 crore,2021
Chris woakes,Delhi Capitals,1.5 crore,2021
Prithvi shaw,Delhi Capitals,1.20 crore,2021
Avesh khan,Delhi Capitals,0.7 crore,2021
Anrich Nortje,Delhi Capitals,0.5 crore,2021
Praveen dubey,Delhi Capitals,0.2 crore,2021
Ajinkya rahane,Delhi Capitals,0 crore,2021
Jhye Richardson,Kings XI Punjab,14 crore,2021
Lokesh rahul,Kings XI Punjab,11 crore,2021
Riley Meredith,Kings XI Punjab,8 crore,2021
Shahrukh Khan,Kings XI Punjab,5.25 crore,2021
Mohammad shami,Kings XI Punjab,4.8 crore,2021
Deepak hooda,Kings XI Punjab,4.2 crore,2021
Nicholas Pooran,Kings XI Punjab,4.2 crore,2021
Chris gayle,Kings XI Punjab,2 crore,2021
Simran singh,Kings XI Punjab,0.6 crore,2021
Murugan ashwin,Kings XI Punjab,0.2 crore,2021
Arshdeep singh,Kings XI Punjab,0.2 crore,2021
Patrick cummins,Kolkata Knight Riders,15.5 crore,2021
Andre russell,Kolkata Knight Riders,8.5 crore,2021
Dinesh karthik,Kolkata Knight Riders,7.4 crore,2021
Eoin morgan,Kolkata Knight Riders,5.25 crore,2021
Varun chakravarthy,Kolkata Knight Riders,4 crore,2021
Nitish rana,Kolkata Knight Riders,3.4 crore,2021
Shakib al hasan,Kolkata Knight Riders,3.2 crore,2021
Harbhajan singh,Kolkata Knight Riders,2 crore,2021
Shubman gill,Kolkata Knight Riders,1.8 crore,2021
Rahul tripathi,Kolkata Knight Riders,0.6 crore,2021
Prasidh krishna,Kolkata Knight Riders,0.2 crore,2021
Rohit sharma,Mumbai Indians,15 crore,2021
Hardik pandya,Mumbai Indians,11 crore,2021
Krunal pandya,Mumbai Indians,8.8 crore,2021
Jasprit bumrah,Mumbai Indians,7 crore,2021
Ishan kishan,Mumbai Indians,6.2 crore,2021
Kieron Pollard,Mumbai Indians,5.4 crore,2021
Suryakumar yadav,Mumbai Indians,2.8 crore,2021
Trent boult,Mumbai Indians,2.2 crore,2021
Chris lynn,Mumbai Indians,2 crore,2021
Rahul chahar,Mumbai Indians,1.9 crore,2021
Marco Jansen,Mumbai Indians,0.2 crore,2021
Mayank agarwal,Punjab Kings,1 crore,2021
Chris morris,Rajasthan Royals,16.25 crore,2021
Ben stokes,Rajasthan Royals,12.5 crore,2021
Sanju samson,Rajasthan Royals,8 crore,2021
Shivam dube,Rajasthan Royals,4.4 crore,2021
Jos Buttler,Rajasthan Royals,4.4 crore,2021
Rahul tewatia,Rajasthan Royals,3 crore,2021
Riyan parag,Rajasthan Royals,1.3 crore,2021
Chetan Sakariya,Rajasthan Royals,1.2 crore,2021
Mustafizur rahman,Rajasthan Royals,1 crore,2021
Manan vohra,Rajasthan Royals,0.2 crore,2021
Shreyas gopal,Rajasthan Royals,0.2 crore,2021
Virat kohli,Royal Challengers Bangalore,17 crore,2021
Kyle Jamieson,Royal Challengers Bangalore,15 crore,2021
Glenn maxwell,Royal Challengers Bangalore,14.25 crore,2021
Ab de villiers,Royal Challengers Bangalore,11 crore,2021
Harshal patel,Royal Challengers Bangalore,10.75 crore,2021
Yuzvendra chahal,Royal Challengers Bangalore,6.00 crore,2021
Daniel christian,Royal Challengers Bangalore,4.8 crore,2021
Washington sundar,Royal Challengers Bangalore,3.2 crore,2021
Mohammed siraj,Royal Challengers Bangalore,2.6 crore,2021
Shahbaz Ahmed,Royal Challengers Bangalore,2.4 crore,2021
Rajat Patidar,Royal Challengers Bangalore,0.2 crore,2021
David warner,Sunrisers Hyderabad,12.5 crore,2021
Manish pandey,Sunrisers Hyderabad,11 crore,2021
Rashid Khan,Sunrisers Hyderabad,9 crore,2021
Bhuvneshwar kumar,Sunrisers Hyderabad,8 crore,2021
T natarajan,Sunrisers Hyderabad,4 crore,2021
Kane williamson,Sunrisers Hyderabad,3 crore,2021
Vijay shankar,Sunrisers Hyderabad,2.1 crore,2021
Wriddhiman saha,Sunrisers Hyderabad,1.2 crore,2021
Mohammad nabi,Sunrisers Hyderabad,1 crore,2021
Abdul Samad,Sunrisers Hyderabad,0.2 crore,2021
Sandeep sharma,Sunrisers Hyderabad,0.2 crore,2021
Jonny bairstow,Sunrisers Hyderabad,0 crore,2021
Krishnappa Gowtham,Chennai Super Kings,"9,25,00,000",2021
Moeen Ali,Chennai Super Kings,"7,00,00,000",2021
Cheteshwar Pujara,Chennai Super Kings,"50,00,000",2021
C Hari Nishaanth,Chennai Super Kings,"20,00,000",2021
K.Bhagath Varma,Chennai Super Kings,"20,00,000",2021
M. Harisankar Reddy,Chennai Super Kings,"20,00,000",2021
Tom Curran,Delhi Capitals,"5,25,00,000",2021
Steven Smith,Delhi Capitals,"2,20,00,000",2021
Sam Billings,Delhi Capitals,"2,00,00,000",2021
Umesh Yadav,Delhi Capitals,"1,00,00,000",2021
Lukman Hussain Meriwala,Delhi Capitals,"20,00,000",2021
M Siddharth,Delhi Capitals,"20,00,000",2021
Ripal Patel,Delhi Capitals,"20,00,000",2021
Vishnu Vinod,Delhi Capitals,"20,00,000",2021
Shakib Al Hasan,Kolkata Knight Riders,"3,20,00,000",2021
Harbhajan Singh,Kolkata Knight Riders,"2,00,00,000",2021
Ben Cutting,Kolkata Knight Riders,"75,00,000",2021
Karun Nair,Kolkata Knight Riders,"50,00,000",2021
Pawan Negi,Kolkata Knight Riders,"50,00,000",2021
Sheldon Jackson,Kolkata Knight Riders,"20,00,000",2021
Vaibhav Arora,Kolkata Knight Riders,"20,00,000",2021
Venkatesh Iyer,Kolkata Knight Riders,"20,00,000",2021
Nathan Coulter-Nile,Mumbai Indians,"5,00,00,000",2021
Adam Milne,Mumbai Indians,"3,20,00,000",2021
Piyush Chawla,Mumbai Indians,"2,40,00,000",2021
James Neesham,Mumbai Indians,"50,00,000",2021
Arjun Tendulkar,Mumbai Indians,"20,00,000",2021
Marco Jansen,Mumbai Indians,"20,00,000",2021
Yudhvir Charak,Mumbai Indians,"20,00,000",2021
Jhye Richardson,Punjab Kings,"14,00,00,000",2021
Riley Meredith,Punjab Kings,"8,00,00,000",2021
Shahrukh Khan,Punjab Kings,"5,25,00,000",2021
Moises Henriques,Punjab Kings,"4,20,00,000",2021
Dawid Malan,Punjab Kings,"1,50,00,000",2021
Fabian Allen,Punjab Kings,"75,00,000",2021
Jalaj Saxena,Punjab Kings,"30,00,000",2021
Saurabh Kumar,Punjab Kings,"20,00,000",2021
Utkarsh Singh,Punjab Kings,"20,00,000",2021
Christopher Morris,Rajasthan Royals,"16,25,00,000",2021
Shivam Dube,Rajasthan Royals,"4,40,00,000",2021
Chetan Sakariya,Rajasthan Royals,"1,20,00,000",2021
Mustafizur Rahman,Rajasthan Royals,"1,00,00,000",2021
Liam Livingstone,Rajasthan Royals,"75,00,000",2021
Akash Singh,Rajasthan Royals,"20,00,000",2021
K.C Cariappa,Rajasthan Royals,"20,00,000",2021
Kuldip Yadav,Rajasthan Royals,"20,00,000",2021
Kyle Jamieson,Royal Challengers Bangalore,"15,00,00,000",2021
Glenn Maxwell,Royal Challengers Bangalore,"14,25,00,000",2021
Dan Christian,Royal Challengers Bangalore,"4,80,00,000",2021
Kona Srikar Bharat,Royal Challengers Bangalore,"20,00,000",2021
Mohammed Azharudeen,Royal Challengers Bangalore,"20,00,000",2021
Rajat Patidar,Royal Challengers Bangalore,"20,00,000",2021
Sachin Baby,Royal Challengers Bangalore,"20,00,000",2021
Suyash Prabhudesai,Royal Challengers Bangalore,"20,00,000",2021
Kedar Jadhav,Sunrisers Hyderabad,"2,00,00,000",2021
Mujeeb Zadran,Sunrisers Hyderabad,"1,50,00,000",2021
J Suchith,Sunrisers Hyderabad,"30,00,000",2021
Ravindra jadeja,Chennai Super Kings,16 crore,2022
Ms dhoni,Chennai Super Kings,12 crore,2022
Moeen Ali,Chennai Super Kings,8 crore,2022
Ambati rayudu,Chennai Super Kings,6.75 crore,2022
Ruturaj Gaikwad,Chennai Super Kings,6 crore,2022
Dwayne bravo,Chennai Super Kings,4.4 crore,2022
Shivam dube,Chennai Super Kings,4 crore,2022
Chris jordan,Chennai Super Kings,3.6 crore,2022
Robin uthappa,Chennai Super Kings,2 crore,2022
Adam milne,Chennai Super Kings,1.9 crore,2022
Mitchell santner,Chennai Super Kings,1.9 crore,2022
Devon Conway,Chennai Super Kings,1 crore,2022
Maheesh Theekshana,Chennai Super Kings,0.7 crore,2022
Dwaine Pretorius,Chennai Super Kings,0.5 crore,2022
Mukesh Choudhary,Chennai Super Kings,0.2 crore,2022
Tushar Deshpande,Chennai Super Kings,0.2 crore,2022
Rishabh pant,Delhi Capitals,16 crore,2022
Shardul thakur,Delhi Capitals,10.75 crore,2022
Axar patel,Delhi Capitals,9 crore,2022
Prithvi shaw,Delhi Capitals,7.5 crore,2022
Anrich Nortje,Delhi Capitals,6.5 crore,2022
David warner,Delhi Capitals,6.25 crore,2022
Khaleel ahmed,Delhi Capitals,5.25 crore,2022
Chetan Sakariya,Delhi Capitals,4.2 crore,2022
Rovman powell,Delhi Capitals,2.8 crore,2022
Kuldeep yadav,Delhi Capitals,2 crore,2022
Mustafizur rahman,Delhi Capitals,2 crore,2022
Kamlesh Nagarkoti,Delhi Capitals,1.1 crore,2022
Mandeep singh,Delhi Capitals,1.1 crore,2022
AM Ghazanfar,Delhi Capitals,0.65 crore,2022
Tim Seifert,Delhi Capitals,0.5 crore,2022
Praveen dubey,Delhi Capitals,0.5 crore,2022
Sarfaraz khan,Delhi Capitals,0.2 crore,2022
Hardik pandya,Gujarat Titans,15 crore,2022
Rashid Khan,Gujarat Titans,15 crore,2022
Lockie ferguson,Gujarat Titans,10 crore,2022
Rahul tewatia,Gujarat Titans,9 crore,2022
Shubman gill,Gujarat Titans,8 crore,2022
Mohammad shami,Gujarat Titans,6.25 crore,2022
David Miller,Gujarat Titans,3 crore,2022
Abhinav Manohar,Gujarat Titans,2.6 crore,2022
Matthew wade,Gujarat Titans,2.4 crore,2022
Wriddhiman saha,Gujarat Titans,1.9 crore,2022
Rahmanullah Gurbaz,Gujarat Titans,1.5 crore,2022
Vijay shankar,Gujarat Titans,1.4 crore,2022
Varun aaron,Gujarat Titans,0.5 crore,2022
Christopher King,Gujarat Titans,0.2 crore,2022
Sai Sudharsan,Gujarat Titans,0.2 crore,2022
Kagiso Rabada,Kings XI Punjab,9.25 crore,2022
Jonny bairstow,Kings XI Punjab,6.75 crore,2022
Vaibhav Arora,Kings XI Punjab,2 crore,2022
Jitesh Sharma,Kings XI Punjab,0.2 crore,2022
Shreyas iyer,Kolkata Knight Riders,12.25 crore,2022
Andre russell,Kolkata Knight Riders,12 crore,2022
Nitish rana,Kolkata Knight Riders,8 crore,2022
Varun chakravarthy,Kolkata Knight Riders,8 crore,2022
Venkatesh Iyer,Kolkata Knight Riders,8 crore,2022
Patrick cummins,Kolkata Knight Riders,7.25 crore,2022
Shivam mavi,Kolkata Knight Riders,7.25 crore,2022
Sunil narine,Kolkata Knight Riders,6 crore,2022
Sam billings,Kolkata Knight Riders,2 crore,2022
Umesh yadav,Kolkata Knight Riders,2 crore,2022
Tim southee,Kolkata Knight Riders,1.5 crore,2022
Aaron Finch,Kolkata Knight Riders,1.5 crore,2022
Ajinkya rahane,Kolkata Knight Riders,1 crore,2022
Sheldon jackson,Kolkata Knight Riders,0.6 crore,2022
Rinku singh,Kolkata Knight Riders,0.55 crore,2022
Rasikh salam,Kolkata Knight Riders,0.2 crore,2022
Lokesh rahul,Lucknow Supergiants,17 crore,2022
Avesh khan,Lucknow Supergiants,10 crore,2022
Marcus Stoinis,Lucknow Supergiants,9.2 crore,2022
Jason holder,Lucknow Supergiants,8.75 crore,2022
Krunal pandya,Lucknow Supergiants,8.25 crore,2022
Quinton de Kock,Lucknow Supergiants,6.75 crore,2022
Deepak hooda,Lucknow Supergiants,5.75 crore,2022
Manish pandey,Lucknow Supergiants,4.6 crore,2022
Ravi Bishnoi,Lucknow Supergiants,4 crore,2022
Dushmantha Chameera,Lucknow Supergiants,2 crore,2022
Evin lewis,Lucknow Supergiants,2 crore,2022
Andrew tye,Lucknow Supergiants,1 crore,2022
Krishnappa gowtham,Lucknow Supergiants,0.9 crore,2022
Ayush Badoni,Lucknow Supergiants,0.2 crore,2022
Sameer Rizvi,Lucknow Supergiants,0.2 crore,2022
Rohit sharma,Mumbai Indians,16 crore,2022
Ishan kishan,Mumbai Indians,15.25 crore,2022
Jasprit bumrah,Mumbai Indians,12 crore,2022
Tim David,Mumbai Indians,8.25 crore,2022
Suryakumar yadav,Mumbai Indians,8 crore,2022
Kieron Pollard,Mumbai Indians,6 crore,2022
Dewald Brevis,Mumbai Indians,3 crore,2022
Daniel Sams,Mumbai Indians,2.6 crore,2022
Tilak Varma,Mumbai Indians,1.7 crore,2022
Murugan ashwin,Mumbai Indians,1.6 crore,2022
Tymal mills,Mumbai Indians,1.5 crore,2022
Jaydev unadkat,Mumbai Indians,1.3 crore,2022
Basil thampi,Mumbai Indians,0.3 crore,2022
Anmolpreet singh,Mumbai Indians,0.2 crore,2022
Ramandeep Singh,Mumbai Indians,0.2 crore,2022
Arshad Khan,Mumbai Indians,0.2 crore,2022
Mayank agarwal,Punjab Kings,12 crore,2022
Liam Livingstone,Punjab Kings,11.5 crore,2022
Shahrukh Khan,Punjab Kings,9 crore,2022
Shikhar dhawan,Punjab Kings,8.25 crore,2022
Odean Smith,Punjab Kings,6 crore,2022
Rahul chahar,Punjab Kings,5.25 crore,2022
Arshdeep singh,Punjab Kings,4 crore,2022
Harpreet brar,Punjab Kings,3.8 crore,2022
Raj Bawa,Punjab Kings,2 crore,2022
Simran singh,Punjab Kings,0.6 crore,2022
Bhanuka Rajapaksa,Punjab Kings,0.5 crore,2022
Sandeep sharma,Punjab Kings,0.5 crore,2022
Sanju samson,Rajasthan Royals,14 crore,2022
Prasidh krishna,Rajasthan Royals,10 crore,2022
Jos Buttler,Rajasthan Royals,10 crore,2022
Shimron hetmyer,Rajasthan Royals,8.5 crore,2022
Trent boult,Rajasthan Royals,8 crore,2022
Devdutt Padikkal,Rajasthan Royals,7.75 crore,2022
Yuzvendra chahal,Rajasthan Royals,6.5 crore,2022
Ravichandran ashwin,Rajasthan Royals,5 crore,2022
Yashasvi Jaiswal,Rajasthan Royals,4 crore,2022
Riyan parag,Rajasthan Royals,3.8 crore,2022
Navdeep saini,Rajasthan Royals,2.6 crore,2022
Nathan coulter nile,Rajasthan Royals,2 crore,2022
Rassie van der Dussen,Rajasthan Royals,1 crore,2022
Kuldeep Sen,Rajasthan Royals,0.2 crore,2022
Virat kohli,Royal Challengers Bangalore,15 crore,2022
Glenn maxwell,Royal Challengers Bangalore,11 crore,2022
Harshal patel,Royal Challengers Bangalore,10.75 crore,2022
Wanindu Hasaranga,Royal Challengers Bangalore,10.75 crore,2022
Josh Hazlewood,Royal Challengers Bangalore,7.75 crore,2022
Faf du Plessis,Royal Challengers Bangalore,7 crore,2022
Mohammed siraj,Royal Challengers Bangalore,7 crore,2022
Dinesh karthik,Royal Challengers Bangalore,5.5 crore,2022
Mohammad Ali,Royal Challengers Bangalore,3.4 crore,2022
Shahbaz Ahmed,Royal Challengers Bangalore,2.4 crore,2022
David willey,Royal Challengers Bangalore,2 crore,2022
Sherfane rutherford,Royal Challengers Bangalore,1 crore,2022
Suyash Prabhudessai,Royal Challengers Bangalore,0.3 crore,2022
Akash Deep,Royal Challengers Bangalore,0.2 crore,2022
Kane williamson,Sunrisers Hyderabad,14 crore,2022
Nicholas Pooran,Sunrisers Hyderabad,10.75 crore,2022
Washington sundar,Sunrisers Hyderabad,8.75 crore,2022
Rahul tripathi,Sunrisers Hyderabad,8.5 crore,2022
Romario Shepherd,Sunrisers Hyderabad,7.75 crore,2022
Abhishek sharma,Sunrisers Hyderabad,6.5 crore,2022
Marco Jansen,Sunrisers Hyderabad,4.2 crore,2022
Bhuvneshwar kumar,Sunrisers Hyderabad,4.2 crore,2022
T natarajan,Sunrisers Hyderabad,4 crore,2022
Abdul Samad,Sunrisers Hyderabad,4 crore,2022
Umran Malik,Sunrisers Hyderabad,4 crore,2022
Aiden Markram,Sunrisers Hyderabad,2.6 crore,2022
Malsha Tharupathi,Sunrisers Hyderabad,0.2 crore,2022
Deepak Chahar,Chennai Super Kings,"â‚¹14,00,00,000",2022
Ambati Rayudu,Chennai Super Kings,"â‚¹6,75,00,000",2022
Dwayne Bravo,Chennai Super Kings,"â‚¹4,40,00,000",2022
Shivam Dube,Chennai Super Kings,"â‚¹4,00,00,000",2022
Chris Jordan,Chennai Super Kings,"â‚¹3,60,00,000",2022
Robin Uthappa,Chennai Super Kings,"â‚¹2,00,00,000",2022
Adam Milne,Chennai Super Kings,"â‚¹1,90,00,000",2022
Mitchell Santner,Chennai Super Kings,"â‚¹1,90,00,000",2022
Rajvardhan Hangargekar,Chennai Super Kings,"â‚¹1,50,00,000",2022
Prashant Solanki,Chennai Super Kings,"â‚¹1,20,00,000",2022
Devon Conway,Chennai Super Kings,"â‚¹1,00,00,000",2022
Maheesh Theekshana,Chennai Super Kings,"â‚¹70,00,000",2022
Dwaine Pretorius,Chennai Super Kings,"â‚¹50,00,000",2022
C.Hari Nishaanth,Chennai Super Kings,"â‚¹20,00,000",2022
K.Bhagath Varma,Chennai Super Kings,"â‚¹20,00,000",2022
K.M. Asif,Chennai Super Kings,"â‚¹20,00,000",2022
Mukesh Choudhary,Chennai Super Kings,"â‚¹20,00,000",2022
N. Jagadeesan,Chennai Super Kings,"â‚¹20,00,000",2022
Simarjeet Singh,Chennai Super Kings,"â‚¹20,00,000",2022
Subhranshu Senapati,Chennai Super Kings,"â‚¹20,00,000",2022
Tushar Deshpande,Chennai Super Kings,"â‚¹20,00,000",2022
Shardul Thakur,Delhi Capitals,"â‚¹10,75,00,000",2022
Mitchell Marsh,Delhi Capitals,"â‚¹6,50,00,000",2022
David Warner,Delhi Capitals,"â‚¹6,25,00,000",2022
Syed Khaleel Ahmed,Delhi Capitals,"â‚¹5,25,00,000",2022
Chetan Sakariya,Delhi Capitals,"â‚¹4,20,00,000",2022
Rovman Powell,Delhi Capitals,"â‚¹2,80,00,000",2022
K.S. Bharat,Delhi Capitals,"â‚¹2,00,00,000",2022
Kuldeep Yadav,Delhi Capitals,"â‚¹2,00,00,000",2022
Mustafizur Rahman,Delhi Capitals,"â‚¹2,00,00,000",2022
Kamlesh Nagarkoti,Delhi Capitals,"â‚¹1,10,00,000",2022
Mandeep Singh,Delhi Capitals,"â‚¹1,10,00,000",2022
Lalit Yadav,Delhi Capitals,"â‚¹65,00,000",2022
Lungisani Ngidi,Delhi Capitals,"â‚¹50,00,000",2022
Pravin Dubey,Delhi Capitals,"â‚¹50,00,000",2022
Tim Seifert,Delhi Capitals,"â‚¹50,00,000",2022
Yash Dhull,Delhi Capitals,"â‚¹50,00,000",2022
Ashwin Hebbar,Delhi Capitals,"â‚¹20,00,000",2022
Ripal Patel,Delhi Capitals,"â‚¹20,00,000",2022
Sarfaraz Khan,Delhi Capitals,"â‚¹20,00,000",2022
Vicky Ostwal,Delhi Capitals,"â‚¹20,00,000",2022
Lockie Ferguson,Gujarat Titans,"â‚¹10,00,00,000",2022
Rahul Tewatia,Gujarat Titans,"â‚¹9,00,00,000",2022
Mohammad Shami,Gujarat Titans,"â‚¹6,25,00,000",2022
Yash Dayal,Gujarat Titans,"â‚¹3,20,00,000",2022
David Miller,Gujarat Titans,"â‚¹3,00,00,000",2022
R. Sai Kishore,Gujarat Titans,"â‚¹3,00,00,000",2022
Abhinav Sadarangani,Gujarat Titans,"â‚¹2,60,00,000",2022
Alzarri Joseph,Gujarat Titans,"â‚¹2,40,00,000",2022
Matthew Wade,Gujarat Titans,"â‚¹2,40,00,000",2022
Jason Roy,Gujarat Titans,"â‚¹2,00,00,000",2022
Wriddhiman Saha,Gujarat Titans,"â‚¹1,90,00,000",2022
Jayant Yadav,Gujarat Titans,"â‚¹1,70,00,000",2022
Vijay Shankar,Gujarat Titans,"â‚¹1,40,00,000",2022
Dominic Drakes,Gujarat Titans,"â‚¹1,10,00,000",2022
Gurkeerat Singh,Gujarat Titans,"â‚¹50,00,000",2022
Varun Aaron,Gujarat Titans,"â‚¹50,00,000",2022
Noor Ahmad,Gujarat Titans,"â‚¹30,00,000",2022
B. Sai Sudharsan,Gujarat Titans,"â‚¹20,00,000",2022
Darshan Nalkande,Gujarat Titans,"â‚¹20,00,000",2022
Pradeep Sangwan,Gujarat Titans,"â‚¹20,00,000",2022
Shreyas Iyer,Kolkata Knight Riders,"â‚¹12,25,00,000",2022
Nitish Rana,Kolkata Knight Riders,"â‚¹8,00,00,000",2022
Pat Cummins,Kolkata Knight Riders,"â‚¹7,25,00,000",2022
Shivam Mavi,Kolkata Knight Riders,"â‚¹7,25,00,000",2022
Sam Billings,Kolkata Knight Riders,"â‚¹2,00,00,000",2022
Umesh Yadav,Kolkata Knight Riders,"â‚¹2,00,00,000",2022
Alex Hales,Kolkata Knight Riders,"â‚¹1,50,00,000",2022
Tim Southee,Kolkata Knight Riders,"â‚¹1,50,00,000",2022
Ajinkya Rahane,Kolkata Knight Riders,"â‚¹1,00,00,000",2022
Mohammad Nabi,Kolkata Knight Riders,"â‚¹1,00,00,000",2022
Sheldon Jackson,Kolkata Knight Riders,"â‚¹60,00,000",2022
Ashok Sharma,Kolkata Knight Riders,"â‚¹55,00,000",2022
Rinku Singh,Kolkata Knight Riders,"â‚¹55,00,000",2022
Chamika Karunaratne,Kolkata Knight Riders,"â‚¹50,00,000",2022
Abhijeet Tomar,Kolkata Knight Riders,"â‚¹40,00,000",2022
Aman Khan,Kolkata Knight Riders,"â‚¹20,00,000",2022
Anukul Roy,Kolkata Knight Riders,"â‚¹20,00,000",2022
Baba Indrajith,Kolkata Knight Riders,"â‚¹20,00,000",2022
Pratham Singh,Kolkata Knight Riders,"â‚¹20,00,000",2022
Ramesh Kumar,Kolkata Knight Riders,"â‚¹20,00,000",2022
Rasikh Dar,Kolkata Knight Riders,"â‚¹20,00,000",2022
Avesh Khan,Lucknow Supergiants,"â‚¹10,00,00,000",2022
Jason Holder,Lucknow Supergiants,"â‚¹8,75,00,000",2022
Krunal Pandya,Lucknow Supergiants,"â‚¹8,25,00,000",2022
Mark Wood,Lucknow Supergiants,"â‚¹7,50,00,000",2022
Quinton De Kock,Lucknow Supergiants,"â‚¹6,75,00,000",2022
Deepak Hooda,Lucknow Supergiants,"â‚¹5,75,00,000",2022
Manish Pandey,Lucknow Supergiants,"â‚¹4,60,00,000",2022
Dushmanta Chameera,Lucknow Supergiants,"â‚¹2,00,00,000",2022
Evin Lewis,Lucknow Supergiants,"â‚¹2,00,00,000",2022
K. Gowtham,Lucknow Supergiants,"â‚¹90,00,000",2022
Ankit Singh Rajpoot,Lucknow Supergiants,"â‚¹50,00,000",2022
Kyle Mayers,Lucknow Supergiants,"â‚¹50,00,000",2022
Shahbaz Nadeem,Lucknow Supergiants,"â‚¹50,00,000",2022
Ayush Badoni,Lucknow Supergiants,"â‚¹20,00,000",2022
Karan Sharma,Lucknow Supergiants,"â‚¹20,00,000",2022
Manan Vohra,Lucknow Supergiants,"â‚¹20,00,000",2022
Mayank Yadav,Lucknow Supergiants,"â‚¹20,00,000",2022
Mohsin Khan,Lucknow Supergiants,"â‚¹20,00,000",2022
Ishan Kishan,Mumbai Indians,"â‚¹15,25,00,000",2022
Tim David,Mumbai Indians,"â‚¹8,25,00,000",2022
Jofra Archer,Mumbai Indians,"â‚¹8,00,00,000",2022
Dewald Brevis,Mumbai Indians,"â‚¹3,00,00,000",2022
Daniel Sams,Mumbai Indians,"â‚¹2,60,00,000",2022
N. Tilak Varma,Mumbai Indians,"â‚¹1,70,00,000",2022
Murugan Ashwin,Mumbai Indians,"â‚¹1,60,00,000",2022
Tymal Mills,Mumbai Indians,"â‚¹1,50,00,000",2022
Jaydev Unadkat,Mumbai Indians,"â‚¹1,30,00,000",2022
Riley Meredith,Mumbai Indians,"â‚¹1,00,00,000",2022
Fabian Allen,Mumbai Indians,"â‚¹75,00,000",2022
Mayank Markande,Mumbai Indians,"â‚¹65,00,000",2022
Sanjay Yadav,Mumbai Indians,"â‚¹50,00,000",2022
Arjun Tendulkar,Mumbai Indians,"â‚¹30,00,000",2022
Basil Thampi,Mumbai Indians,"â‚¹30,00,000",2022
Anmolpreet Singh,Mumbai Indians,"â‚¹20,00,000",2022
Aryan Juyal,Mumbai Indians,"â‚¹20,00,000",2022
Hrithik Shokeen,Mumbai Indians,"â‚¹20,00,000",2022
Mohd. Arshad Khan,Mumbai Indians,"â‚¹20,00,000",2022
Rahul Buddhi,Mumbai Indians,"â‚¹20,00,000",2022
Ramandeep Singh,Mumbai Indians,"â‚¹20,00,000",2022
Liam Livingstone,Punjab Kings,"â‚¹11,50,00,000",2022
Kagiso Rabada,Punjab Kings,"â‚¹9,25,00,000",2022
Shahrukh Khan,Punjab Kings,"â‚¹9,00,00,000",2022
Shikhar Dhawan,Punjab Kings,"â‚¹8,25,00,000",2022
Jonny Bairstow,Punjab Kings,"â‚¹6,75,00,000",2022
Odean Smith,Punjab Kings,"â‚¹6,00,00,000",2022
Rahul Chahar,Punjab Kings,"â‚¹5,25,00,000",2022
Harpreet Brar,Punjab Kings,"â‚¹3,80,00,000",2022
Raj Angad Bawa,Punjab Kings,"â‚¹2,00,00,000",2022
Vaibhav Arora,Punjab Kings,"â‚¹2,00,00,000",2022
Nathan Ellis,Punjab Kings,"â‚¹75,00,000",2022
Prabhsimran Singh,Punjab Kings,"â‚¹60,00,000",2022
Rishi Dhawan,Punjab Kings,"â‚¹55,00,000",2022
Bhanuka Rajapaksa,Punjab Kings,"â‚¹50,00,000",2022
Sandeep Sharma,Punjab Kings,"â‚¹50,00,000",2022
Benny Howell,Punjab Kings,"â‚¹40,00,000",2022
Ishan Porel,Punjab Kings,"â‚¹25,00,000",2022
Ansh Patel,Punjab Kings,"â‚¹20,00,000",2022
Atharva Taide,Punjab Kings,"â‚¹20,00,000",2022
Baltej Dhanda,Punjab Kings,"â‚¹20,00,000",2022
Jitesh Sharma,Punjab Kings,"â‚¹20,00,000",2022
Prerak Mankad,Punjab Kings,"â‚¹20,00,000",2022
Writtick Chatterjee,Punjab Kings,"â‚¹20,00,000",2022
Prasidh Krishna,Rajasthan Royals,"â‚¹10,00,00,000",2022
Shimron Hetmyer,Rajasthan Royals,"â‚¹8,50,00,000",2022
Trent Boult,Rajasthan Royals,"â‚¹8,00,00,000",2022
Devdutt Padikkal,Rajasthan Royals,"â‚¹7,75,00,000",2022
Yuzvendra Chahal,Rajasthan Royals,"â‚¹6,50,00,000",2022
R. Ashwin,Rajasthan Royals,"â‚¹5,00,00,000",2022
Riyan Parag,Rajasthan Royals,"â‚¹3,80,00,000",2022
Navdeep Saini,Rajasthan Royals,"â‚¹2,60,00,000",2022
Nathan Coulter-Nile,Rajasthan Royals,"â‚¹2,00,00,000",2022
James Neesham,Rajasthan Royals,"â‚¹1,50,00,000",2022
Karun Nair,Rajasthan Royals,"â‚¹1,40,00,000",2022
Rassie Van Der Dussen,Rajasthan Royals,"â‚¹1,00,00,000",2022
Daryl Mitchell,Rajasthan Royals,"â‚¹75,00,000",2022
Obed Mccoy,Rajasthan Royals,"â‚¹75,00,000",2022
K.C Cariappa,Rajasthan Royals,"â‚¹30,00,000",2022
Anunay Singh,Rajasthan Royals,"â‚¹20,00,000",2022
Dhruv Jurel,Rajasthan Royals,"â‚¹20,00,000",2022
Kuldeep Sen,Rajasthan Royals,"â‚¹20,00,000",2022
Kuldip Yadav,Rajasthan Royals,"â‚¹20,00,000",2022
Shubham Garhwal,Rajasthan Royals,"â‚¹20,00,000",2022
Tejas Baroka,Rajasthan Royals,"â‚¹20,00,000",2022
Harshal Patel,Royal Challengers Bangalore,"â‚¹10,75,00,000",2022
Wanindu Hasaranga,Royal Challengers Bangalore,"â‚¹10,75,00,000",2022
Josh Hazlewood,Royal Challengers Bangalore,"â‚¹7,75,00,000",2022
Faf Du Plessis,Royal Challengers Bangalore,"â‚¹7,00,00,000",2022
Dinesh Karthik,Royal Challengers Bangalore,"â‚¹5,50,00,000",2022
Anuj Rawat,Royal Challengers Bangalore,"â‚¹3,40,00,000",2022
Shahbaz Ahamad,Royal Challengers Bangalore,"â‚¹2,40,00,000",2022
David Willey,Royal Challengers Bangalore,"â‚¹2,00,00,000",2022
Sherfane Rutherford,Royal Challengers Bangalore,"â‚¹1,00,00,000",2022
Mahipal Lomror,Royal Challengers Bangalore,"â‚¹95,00,000",2022
Finn Allen,Royal Challengers Bangalore,"â‚¹80,00,000",2022
Jason Behrendorff,Royal Challengers Bangalore,"â‚¹75,00,000",2022
Siddharth Kaul,Royal Challengers Bangalore,"â‚¹75,00,000",2022
Karn Sharma,Royal Challengers Bangalore,"â‚¹50,00,000",2022
Suyash Prabhudessai,Royal Challengers Bangalore,"â‚¹30,00,000",2022
Chama Milind,Royal Challengers Bangalore,"â‚¹25,00,000",2022
Akash Deep,Royal Challengers Bangalore,"â‚¹20,00,000",2022
Aneeshwar Gautam,Royal Challengers Bangalore,"â‚¹20,00,000",2022
Luvnith Sisodia,Royal Challengers Bangalore,"â‚¹20,00,000",2022
Nicholas Pooran,Sunrisers Hyderabad,"â‚¹10,75,00,000",2022
Washington Sundar,Sunrisers Hyderabad,"â‚¹8,75,00,000",2022
Rahul Tripathi,Sunrisers Hyderabad,"â‚¹8,50,00,000",2022
Romario Shepherd,Sunrisers Hyderabad,"â‚¹7,75,00,000",2022
Abhishek Sharma,Sunrisers Hyderabad,"â‚¹6,50,00,000",2022
Bhuvneshwar Kumar,Sunrisers Hyderabad,"â‚¹4,20,00,000",2022
Marco Jansen,Sunrisers Hyderabad,"â‚¹4,20,00,000",2022
Kartik Tyagi,Sunrisers Hyderabad,"â‚¹4,00,00,000",2022
T. Natarajan,Sunrisers Hyderabad,"â‚¹4,00,00,000",2022
Aiden Markram,Sunrisers Hyderabad,"â‚¹2,60,00,000",2022
Sean Abbott,Sunrisers Hyderabad,"â‚¹2,40,00,000",2022
Glenn Phillips,Sunrisers Hyderabad,"â‚¹1,50,00,000",2022
Shreyas Gopal,Sunrisers Hyderabad,"â‚¹75,00,000",2022
Fazalhaq Farooqi,Sunrisers Hyderabad,"â‚¹50,00,000",2022
Vishnu Vinod,Sunrisers Hyderabad,"â‚¹50,00,000",2022
Jagadeesha Suchith,Sunrisers Hyderabad,"â‚¹20,00,000",2022
Priyam Garg,Sunrisers Hyderabad,"â‚¹20,00,000",2022
R Samarth,Sunrisers Hyderabad,"â‚¹20,00,000",2022
Saurabh Dubey,Sunrisers Hyderabad,"â‚¹20,00,000",2022
Shashank Singh,Sunrisers Hyderabad,"â‚¹20,00,000",2022
Ben stokes,Chennai Super Kings,16.25 crore,2023
Ravindra jadeja,Chennai Super Kings,16 crore,2023
Deepak chahar,Chennai Super Kings,14 crore,2023
Ms dhoni,Chennai Super Kings,12 crore,2023
Moeen Ali,Chennai Super Kings,8 crore,2023
Ambati rayudu,Chennai Super Kings,6.75 crore,2023
Ruturaj Gaikwad,Chennai Super Kings,6 crore,2023
Shivam dube,Chennai Super Kings,4 crore,2023
Mitchell santner,Chennai Super Kings,1.9 crore,2023
Rajvardhan Hangargekar,Chennai Super Kings,1.5 crore,2023
Devon Conway,Chennai Super Kings,1 crore,2023
Maheesh Theekshana,Chennai Super Kings,0.7 crore,2023
Ajinkya rahane,Chennai Super Kings,0.5 crore,2023
Sisonda Magala,Chennai Super Kings,0.5 crore,2023
Matheesha Pathirana,Chennai Super Kings,0.2 crore,2023
Pathum Kumara,Chennai Super Kings,0.20 crore,2023
Shaik Rasheed,Chennai Super Kings,0.2 crore,2023
Tushar Deshpande,Chennai Super Kings,0.2 crore,2023
Dwaine Pretorius,Chennai Super Kings,0 crore,2023
Axar patel,Delhi Capitals,9 crore,2023
Prithvi shaw,Delhi Capitals,8 crore,2023
Anrich Nortje,Delhi Capitals,6.5 crore,2023
Mitchell marsh,Delhi Capitals,6.5 crore,2023
David warner,Delhi Capitals,6.25 crore,2023
Mukesh Kumar,Delhi Capitals,5.5 crore,2023
Khaleel ahmed,Delhi Capitals,5.25 crore,2023
Rilee Rossouw,Delhi Capitals,4.6 crore,2023
Chetan Sakariya,Delhi Capitals,4.2 crore,2023
Rovman powell,Delhi Capitals,2.8 crore,2023
Manish pandey,Delhi Capitals,2.4 crore,2023
Phil Salt,Delhi Capitals,2 crore,2023
Kuldeep yadav,Delhi Capitals,2 crore,2023
Mustafizur rahman,Delhi Capitals,2 crore,2023
AM Ghazanfar,Delhi Capitals,0.65 crore,2023
Ishant sharma,Delhi Capitals,0.5 crore,2023
Yash Dhull,Delhi Capitals,0.5 crore,2023
Praveen dubey,Delhi Capitals,0.5 crore,2023
Abishek Porel,Delhi Capitals,0.20 crore,2023
Aman Hakim Khan,Delhi Capitals,0.2 crore,2023
Priyam Garg,Delhi Capitals,0.2 crore,2023
Ripal Patel,Delhi Capitals,0.2 crore,2023
Sarfaraz khan,Delhi Capitals,0.2 crore,2023
Hardik pandya,Gujarat Titans,15 crore,2023
Rashid Khan,Gujarat Titans,15 crore,2023
Rahul tewatia,Gujarat Titans,9 crore,2023
Shubman gill,Gujarat Titans,8 crore,2023
Mohammad shami,Gujarat Titans,6.25 crore,2023
Shivam mavi,Gujarat Titans,6 crore,2023
Yash Dayal,Gujarat Titans,3.2 crore,2023
David Miller,Gujarat Titans,3 crore,2023
Abhinav Manohar,Gujarat Titans,2.6 crore,2023
Sai Sudharsan,Gujarat Titans,2.6 crore,2023
Alzarri joseph,Gujarat Titans,2.4 crore,2023
Matthew wade,Gujarat Titans,2.4 crore,2023
Kane williamson,Gujarat Titans,2 crore,2023
Wriddhiman saha,Gujarat Titans,1.9 crore,2023
Jayant yadav,Gujarat Titans,1.7 crore,2023
Vijay shankar,Gujarat Titans,1.4 crore,2023
Srikar Bharat,Gujarat Titans,1.2 crore,2023
Joshua Little,Gujarat Titans,0.5 crore,2023
Mohit sharma,Gujarat Titans,0.5 crore,2023
Varun aaron,Gujarat Titans,0.5 crore,2023
Noor Ahmad,Gujarat Titans,0.3 crore,2023
Dasun Shanaka,Gujarat Titans,0 crore,2023
Andre russell,Kolkata Knight Riders,12 crore,2023
Shardul thakur,Kolkata Knight Riders,10.75 crore,2023
Lockie ferguson,Kolkata Knight Riders,10 crore,2023
Nitish rana,Kolkata Knight Riders,8 crore,2023
Varun chakravarthy,Kolkata Knight Riders,8 crore,2023
Venkatesh Iyer,Kolkata Knight Riders,8 crore,2023
Sunil narine,Kolkata Knight Riders,6 crore,2023
Jason Roy,Kolkata Knight Riders,2.8 crore,2023
Umesh yadav,Kolkata Knight Riders,2 crore,2023
Rahmanullah Gurbaz,Kolkata Knight Riders,1.5 crore,2023
Tim southee,Kolkata Knight Riders,1.5 crore,2023
David Wiese,Kolkata Knight Riders,1.00 crore,2023
Narayan Jagadeesan,Kolkata Knight Riders,0.9 crore,2023
Vaibhav Arora,Kolkata Knight Riders,0.6 crore,2023
Rinku singh,Kolkata Knight Riders,0.55 crore,2023
Litton Das,Kolkata Knight Riders,0.5 crore,2023
Mandeep singh,Kolkata Knight Riders,0.5 crore,2023
Kulwant khejroliya,Kolkata Knight Riders,0.2 crore,2023
Suyash Sharma,Kolkata Knight Riders,0.2 crore,2023
Anukul roy,Kolkata Knight Riders,0.2 crore,2023
Harshit Rana,Kolkata Knight Riders,0.2 crore,2023
Karan Sharma,Lucknow Supergiants,50 crore,2023
Lokesh rahul,Lucknow Supergiants,17 crore,2023
Nicholas Pooran,Lucknow Supergiants,16 crore,2023
Avesh khan,Lucknow Supergiants,10 crore,2023
Marcus Stoinis,Lucknow Supergiants,9.2 crore,2023
Krunal pandya,Lucknow Supergiants,8.25 crore,2023
Mark wood,Lucknow Supergiants,7.5 crore,2023
Quinton de Kock,Lucknow Supergiants,6.75 crore,2023
Deepak hooda,Lucknow Supergiants,5.75 crore,2023
Ravi Bishnoi,Lucknow Supergiants,4 crore,2023
Krishnappa gowtham,Lucknow Supergiants,0.9 crore,2023
Amit mishra,Lucknow Supergiants,0.5 crore,2023
Jaydev unadkat,Lucknow Supergiants,0.5 crore,2023
Kyle Mayers,Lucknow Supergiants,0.5 crore,2023
Naveen-ul-Haq,Lucknow Supergiants,0.5 crore,2023
Romario Shepherd,Lucknow Supergiants,0.5 crore,2023
Yash Thakur,Lucknow Supergiants,0.45 crore,2023
Manan vohra,Lucknow Supergiants,0.20 crore,2023
Prerak Mankad,Lucknow Supergiants,0.2 crore,2023
Swapnil singh,Lucknow Supergiants,0.2 crore,2023
Yudhvir Singh,Lucknow Supergiants,0.2 crore,2023
Ayush Badoni,Lucknow Supergiants,0.2 crore,2023
Sameer Rizvi,Lucknow Supergiants,0.20 crore,2023
Daniel Sams,Lucknow Supergiants,0 crore,2023
Arjun Tendulkar,Mumbai Indians,30 crore,2023
Cameron Green,Mumbai Indians,17.5 crore,2023
Rohit sharma,Mumbai Indians,16 crore,2023
Ishan kishan,Mumbai Indians,15.25 crore,2023
Tim David,Mumbai Indians,8.25 crore,2023
Jofra Archer,Mumbai Indians,8 crore,2023
Suryakumar yadav,Mumbai Indians,8 crore,2023
Dewald Brevis,Mumbai Indians,3 crore,2023
Chris jordan,Mumbai Indians,2 crore,2023
Tilak Varma,Mumbai Indians,1.70 crore,2023
Jason behrendorff,Mumbai Indians,1.50 crore,2023
Riley Meredith,Mumbai Indians,1.5 crore,2023
Jhye Richardson,Mumbai Indians,1.5 crore,2023
Piyush chawla,Mumbai Indians,0.5 crore,2023
Duan Jansen,Mumbai Indians,0.2 crore,2023
Kumar Kartikeya,Mumbai Indians,0.2 crore,2023
Nehal Wadhera,Mumbai Indians,0.2 crore,2023
Raghav Goyal,Mumbai Indians,0.2 crore,2023
Vishnu vinod,Mumbai Indians,0.2 crore,2023
Tristan Stubbs,Mumbai Indians,0.2 crore,2023
Arshad Khan,Mumbai Indians,0.2 crore,2023
Hrithik Shokeen,Mumbai Indians,0.2 crore,2023
Ramandeep Singh,Mumbai Indians,0.2 crore,2023
Akash Mandwaal,Mumbai Indians,0 crore,2023
Jitesh Sharma,Punjab Kings,20 crore,2023
Sam Curran,Punjab Kings,18.5 crore,2023
Liam Livingstone,Punjab Kings,11.5 crore,2023
Kagiso Rabada,Punjab Kings,9.25 crore,2023
Shahrukh Khan,Punjab Kings,9 crore,2023
Shikhar dhawan,Punjab Kings,8.25 crore,2023
Rahul chahar,Punjab Kings,5.25 crore,2023
Arshdeep singh,Punjab Kings,4 crore,2023
Harpreet brar,Punjab Kings,3.8 crore,2023
Nathan Ellis,Punjab Kings,0.75 crore,2023
Simran singh,Punjab Kings,0.6 crore,2023
Rishi dhawan,Punjab Kings,0.55 crore,2023
Bhanuka Rajapaksa,Punjab Kings,0.5 crore,2023
Sikandar Raza,Punjab Kings,0.5 crore,2023
Atharva Taide,Punjab Kings,0.2 crore,2023
Gurnoor Brar,Punjab Kings,0.2 crore,2023
Harpreet singh,Punjab Kings,0.2 crore,2023
Mohit Rathee,Punjab Kings,0.2 crore,2023
Matthew Short,Punjab Kings,0 crore,2023
Kuldeep Sen,Rajasthan Royals,20 crore,2023
Sanju samson,Rajasthan Royals,14 crore,2023
Jos Buttler,Rajasthan Royals,10 crore,2023
Shimron hetmyer,Rajasthan Royals,8.5 crore,2023
Trent boult,Rajasthan Royals,8 crore,2023
Devdutt Padikkal,Rajasthan Royals,7.75 crore,2023
Yuzvendra chahal,Rajasthan Royals,6.5 crore,2023
Jason holder,Rajasthan Royals,5.75 crore,2023
Ravichandran ashwin,Rajasthan Royals,5 crore,2023
Yashasvi Jaiswal,Rajasthan Royals,4.00 crore,2023
Riyan parag,Rajasthan Royals,3.8 crore,2023
Navdeep saini,Rajasthan Royals,2 crore,2023
Adam zampa,Rajasthan Royals,1.5 crore,2023
Joe Root,Rajasthan Royals,1 crore,2023
Obed McCoy,Rajasthan Royals,1 crore,2023
Sandeep sharma,Rajasthan Royals,0.5 crore,2023
Km asif,Rajasthan Royals,0.3 crore,2023
Abdul Basith,Rajasthan Royals,0.2 crore,2023
Dhruv Jurel,Rajasthan Royals,0.2 crore,2023
Kuldip Yadav,Rajasthan Royals,0.2 crore,2023
Murugan ashwin,Rajasthan Royals,0.2 crore,2023
Virat kohli,Royal Challengers Bangalore,15 crore,2023
Glenn maxwell,Royal Challengers Bangalore,11 crore,2023
Harshal patel,Royal Challengers Bangalore,10.75 crore,2023
Wanindu Hasaranga,Royal Challengers Bangalore,10.75 crore,2023
Josh Hazlewood,Royal Challengers Bangalore,7.75 crore,2023
Faf du Plessis,Royal Challengers Bangalore,7 crore,2023
Mohammed siraj,Royal Challengers Bangalore,7 crore,2023
Dinesh karthik,Royal Challengers Bangalore,5.5 crore,2023
Mohammad Ali,Royal Challengers Bangalore,3.4 crore,2023
Shahbaz Ahmed,Royal Challengers Bangalore,2.4 crore,2023
David willey,Royal Challengers Bangalore,2 crore,2023
Reece Topley,Royal Challengers Bangalore,1.9 crore,2023
Kedar jadhav,Royal Challengers Bangalore,1 crore,2023
Michael Bracewell,Royal Challengers Bangalore,1 crore,2023
Mahipal lomror,Royal Challengers Bangalore,0.95 crore,2023
Karn sharma,Royal Challengers Bangalore,0.5 crore,2023
Suyash Prabhudessai,Royal Challengers Bangalore,0.3 crore,2023
Akash Deep,Royal Challengers Bangalore,0.2 crore,2023
Sonu Yadav,Royal Challengers Bangalore,0.2 crore,2023
Vijaykumar Vyshak,Royal Challengers Bangalore,0.2 crore,2023
Wayne Parnell,Royal Challengers Bangalore,0 crore,2023
Harry Brook,Sunrisers Hyderabad,13.25 crore,2023
Washington sundar,Sunrisers Hyderabad,8.75 crore,2023
Rahul tripathi,Sunrisers Hyderabad,8.5 crore,2023
Mayank agarwal,Sunrisers Hyderabad,8.25 crore,2023
Abhishek sharma,Sunrisers Hyderabad,6.5 crore,2023
Heinrich Klaasen,Sunrisers Hyderabad,5.25 crore,2023
Bhuvneshwar kumar,Sunrisers Hyderabad,4.2 crore,2023
Kartik Tyagi,Sunrisers Hyderabad,4 crore,2023
Abdul Samad,Sunrisers Hyderabad,4 crore,2023
T natarajan,Sunrisers Hyderabad,4 crore,2023
Umran Malik,Sunrisers Hyderabad,4 crore,2023
Aiden Markram,Sunrisers Hyderabad,2.6 crore,2023
Vivrant Sharma,Sunrisers Hyderabad,2.6 crore,2023
Adil Rashid,Sunrisers Hyderabad,2 crore,2023
Mayank dagar,Sunrisers Hyderabad,1.8 crore,2023
Glenn Phillips,Sunrisers Hyderabad,1.5 crore,2023
Akeal Hosein,Sunrisers Hyderabad,1 crore,2023
Fazal Haque,Sunrisers Hyderabad,0.50 crore,2023
Mayank markande,Sunrisers Hyderabad,0.5 crore,2023
Marco Jansen,Sunrisers Hyderabad,0.5 crore,2023
Anmolpreet singh,Sunrisers Hyderabad,0.2 crore,2023
Nitish Kumar Reddy,Sunrisers Hyderabad,0.2 crore,2023
Sanvir Singh,Sunrisers Hyderabad,0.2 crore,2023
Ravindra jadeja,Chennai Super Kings,16 crore,2024
Daryl Mitchell,Chennai Super Kings,14 crore,2024
Deepak chahar,Chennai Super Kings,14 crore,2024
Ms dhoni,Chennai Super Kings,12 crore,2024
Moeen Ali,Chennai Super Kings,8 crore,2024
Shivam dube,Chennai Super Kings,6 crore,2024
Ruturaj Gaikwad,Chennai Super Kings,6 crore,2024
Shardul thakur,Chennai Super Kings,4 crore,2024
Mustafizur rahman,Chennai Super Kings,2 crore,2024
Mitchell santner,Chennai Super Kings,1.9 crore,2024
Rachin Ravindra,Chennai Super Kings,1.8 crore,2024
Rajvardhan Hangargekar,Chennai Super Kings,1.5 crore,2024
Devon Conway,Chennai Super Kings,1 crore,2024
Maheesh Theekshana,Chennai Super Kings,0.7 crore,2024
Ajinkya rahane,Chennai Super Kings,0.5 crore,2024
Sameer Rizvi,Chennai Super Kings,0.2 crore,2024
Ajay Mandal,Chennai Super Kings,0.2 crore,2024
Aravelly Avanish,Chennai Super Kings,0.2 crore,2024
Nishant Sindhu,Chennai Super Kings,0.2 crore,2024
Prashant Solanki,Chennai Super Kings,0.2 crore,2024
Simarjeet Singh,Chennai Super Kings,0.2 crore,2024
Matheesha Pathirana,Chennai Super Kings,0.2 crore,2024
Mukesh Choudhary,Chennai Super Kings,0.2 crore,2024
Shaik Rasheed,Chennai Super Kings,0.2 crore,2024
Tushar Deshpande,Chennai Super Kings,0.2 crore,2024
Rishabh pant,Delhi Capitals,16 crore,2024
Prithvi shaw,Delhi Capitals,8 crore,2024
Mitchell marsh,Delhi Capitals,6.5 crore,2024
David warner,Delhi Capitals,6.25 crore,2024
Mukesh Kumar,Delhi Capitals,5.50 crore,2024
Khaleel ahmed,Delhi Capitals,5.2 crore,2024
Jhye Richardson,Delhi Capitals,5 crore,2024
Rasikh salam,Delhi Capitals,3 crore,2024
Vicky Ostwal,Delhi Capitals,2.00 crore,2024
Kuldeep yadav,Delhi Capitals,2 crore,2024
Abishek Porel,Delhi Capitals,1.0 crore,2024
Shai Hope,Delhi Capitals,0.75 crore,2024
AM Ghazanfar,Delhi Capitals,0.65 crore,2024
Ishant sharma,Delhi Capitals,0.5 crore,2024
Praveen dubey,Delhi Capitals,0.5 crore,2024
Yash Dhull,Delhi Capitals,0.5 crore,2024
Kumar Kushagra,Delhi Capitals,0.2 crore,2024
Ricky bhui,Delhi Capitals,0.2 crore,2024
Sumit Kumar,Delhi Capitals,0.2 crore,2024
Swastik Chikara,Delhi Capitals,0.2 crore,2024
Anrich Nortje,Delhi Capitals,0 crore,2024
Harry Brook,Delhi Capitals,0 crore,2024
Lungi Ngidi,Delhi Capitals,0 crore,2024
Nicholas Pooran,Durban's Super Giants,16 crore,2024
Noor Ahmad,Durban's Super Giants,3 crore,2024
Reece Topley,Durban's Super Giants,1.90 crore,2024
Spencer Johnson,Gujarat Titans,10 crore,2024
Rahul tewatia,Gujarat Titans,9 crore,2024
Shubman gill,Gujarat Titans,8 crore,2024
Shahrukh Khan,Gujarat Titans,7.4 crore,2024
Mohammad shami,Gujarat Titans,6.25 crore,2024
Umesh yadav,Gujarat Titans,5.8 crore,2024
Josh Little,Gujarat Titans,4.4 crore,2024
Azmatullah Omarzai,Gujarat Titans,3 crore,2024
Sai Kishore,Gujarat Titans,3 crore,2024
David Miller,Gujarat Titans,3 crore,2024
Abhinav Manohar,Gujarat Titans,2.6 crore,2024
Sai Sudharsan,Gujarat Titans,2.6 crore,2024
Matthew wade,Gujarat Titans,2.4 crore,2024
Kane williamson,Gujarat Titans,2 crore,2024
Wriddhiman saha,Gujarat Titans,1.9 crore,2024
Jayant yadav,Gujarat Titans,1.7 crore,2024
Kartik Tyagi,Gujarat Titans,1.5 crore,2024
Vijay shankar,Gujarat Titans,1 crore,2024
Robin Minz,Gujarat Titans,0.75 crore,2024
Mohit sharma,Gujarat Titans,0.5 crore,2024
Sushant Mishra,Gujarat Titans,0.2 crore,2024
Christopher King,Gujarat Titans,0.2 crore,2024
Gerald Coetzee,Joburg Super Kings,6.00 crore,2024
Donovan Ferreira,Joburg Super Kings,1 crore,2024
Mitchell starc,Kolkata Knight Riders,25 crore,2024
Shreyas iyer,Kolkata Knight Riders,12.25 crore,2024
Andre russell,Kolkata Knight Riders,12 crore,2024
Nitish rana,Kolkata Knight Riders,8 crore,2024
Varun chakravarthy,Kolkata Knight Riders,8 crore,2024
Venkatesh Iyer,Kolkata Knight Riders,8 crore,2024
Gus Atkinson,Kolkata Knight Riders,7.2 crore,2024
Sunil narine,Kolkata Knight Riders,6 crore,2024
Ramandeep Singh,Kolkata Knight Riders,4 crore,2024
Srikar Bharat,Kolkata Knight Riders,3 crore,2024
Vaibhav Arora,Kolkata Knight Riders,2.6 crore,2024
Phil Salt,Kolkata Knight Riders,1.5 crore,2024
Rahmanullah Gurbaz,Kolkata Knight Riders,1.5 crore,2024
Suyash Sharma,Kolkata Knight Riders,1.2 crore,2024
Rinku singh,Kolkata Knight Riders,0.55 crore,2024
Chetan Sakariya,Kolkata Knight Riders,0.5 crore,2024
Dushmantha Chameera,Kolkata Knight Riders,0.5 crore,2024
Manish pandey,Kolkata Knight Riders,0.2 crore,2024
Anukul roy,Kolkata Knight Riders,0.3 crore,2024
Angkrish Raghuvanshi,Kolkata Knight Riders,0.2 crore,2024
Sakib Hussain,Kolkata Knight Riders,0.2 crore,2024
Harshit Rana,Kolkata Knight Riders,0.2 crore,2024
Jason Roy,Kolkata Knight Riders,0 crore,2024
Mujeeb Ur Rahman,Kolkata Knight Riders,0 crore,2024
Sherfane rutherford,Kolkata Knight Riders,0 crore,2024
Lokesh rahul,Lucknow Supergiants,17 crore,2024
Marcus Stoinis,Lucknow Supergiants,9.2 crore,2024
Krunal pandya,Lucknow Supergiants,8.25 crore,2024
Devdutt Padikkal,Lucknow Supergiants,7.75 crore,2024
Mark wood,Lucknow Supergiants,7.5 crore,2024
Quinton de Kock,Lucknow Supergiants,6.75 crore,2024
Deepak hooda,Lucknow Supergiants,5.75 crore,2024
Shamar Joseph,Lucknow Supergiants,4.4 crore,2024
Ravi Bishnoi,Lucknow Supergiants,4 crore,2024
Shivam mavi,Lucknow Supergiants,2.00 crore,2024
Ashton turner,Lucknow Supergiants,1 crore,2024
Krishnappa gowtham,Lucknow Supergiants,0.9 crore,2024
Kyle Mayers,Lucknow Supergiants,0.5 crore,2024
Amit mishra,Lucknow Supergiants,0.5 crore,2024
Naveen-ul-Haq,Lucknow Supergiants,0.5 crore,2024
Yash Thakur,Lucknow Supergiants,0.45 crore,2024
Arshin Kulkarni,Lucknow Supergiants,0.2 crore,2024
Arshad Khan,Lucknow Supergiants,0.2 crore,2024
Manimaran Siddharth,Lucknow Supergiants,0.2 crore,2024
Ayush Badoni,Lucknow Supergiants,0.2 crore,2024
Mayank Yadav,Lucknow Supergiants,0.2 crore,2024
Prerak Mankad,Lucknow Supergiants,0.2 crore,2024
Yudhvir Singh,Lucknow Supergiants,0.2 crore,2024
David willey,Lucknow Supergiants,0 crore,2024
Rashid Khan,MI Cape Town,15 crore,2024
Kagiso Rabada,MI Cape Town,12 crore,2024
Rohit sharma,Mumbai Indians,16 crore,2024
Ishan kishan,Mumbai Indians,15.25 crore,2024
Hardik pandya,Mumbai Indians,15 crore,2024
Jasprit bumrah,Mumbai Indians,12 crore,2024
Tim David,Mumbai Indians,8.25 crore,2024
Suryakumar yadav,Mumbai Indians,8 crore,2024
Nuwan Thushara,Mumbai Indians,4.8 crore,2024
Dewald Brevis,Mumbai Indians,3 crore,2024
Tilak Varma,Mumbai Indians,1.7 crore,2024
Shams Mulani,Mumbai Indians,1.5 crore,2024
Mohammad nabi,Mumbai Indians,1.5 crore,2024
Romario Shepherd,Mumbai Indians,0.5 crore,2024
Piyush chawla,Mumbai Indians,0.5 crore,2024
Naman Dhir,Mumbai Indians,0.3 crore,2024
Arjun Tendulkar,Mumbai Indians,0.3 crore,2024
Anshul Kamboj,Mumbai Indians,0.2 crore,2024
Shivalik Sharma,Mumbai Indians,0.2 crore,2024
Shreyas gopal,Mumbai Indians,0.2 crore,2024
Akash Madhwal,Mumbai Indians,0.2 crore,2024
Kumar Kartikeya,Mumbai Indians,0.2 crore,2024
Nehal Wadhera,Mumbai Indians,0.2 crore,2024
Vishnu vinod,Mumbai Indians,0.2 crore,2024
Dilshan Madushanka,Mumbai Indians,0 crore,2024
Jason behrendorff,Mumbai Indians,0 crore,2024
Will Jacks,Pretoria Capitals,3.2 crore,2024
Sam Curran,Punjab Kings,18.5 crore,2024
Harshal patel,Punjab Kings,11.75 crore,2024
Liam Livingstone,Punjab Kings,11.5 crore,2024
Shikhar dhawan,Punjab Kings,8.25 crore,2024
Rilee Rossouw,Punjab Kings,8 crore,2024
Vishwanath Singh,Punjab Kings,7.8 crore,2024
Jonny bairstow,Punjab Kings,6.75 crore,2024
Rahul chahar,Punjab Kings,5.25 crore,2024
Vidwath Kaverappa,Punjab Kings,5.0 crore,2024
Chris woakes,Punjab Kings,4.2 crore,2024
Arshdeep singh,Punjab Kings,4 crore,2024
Harpreet brar,Punjab Kings,3.8 crore,2024
Jitesh Sharma,Punjab Kings,2.2 crore,2024
Sikandar Raza,Punjab Kings,1.5 crore,2024
Nathan Ellis,Punjab Kings,0.75 crore,2024
Simran singh,Punjab Kings,0.6 crore,2024
Rishi dhawan,Punjab Kings,0.55 crore,2024
Ashutosh Sharma,Punjab Kings,0.2 crore,2024
Malsha Tharupathi,Punjab Kings,0.2 crore,2024
Prince Choudhary,Punjab Kings,0.2 crore,2024
Shivam Singh,Punjab Kings,0.2 crore,2024
Tanay Thyagarajan,Punjab Kings,0.2 crore,2024
Atharva Taide,Punjab Kings,0.2 crore,2024
Harpreet singh,Punjab Kings,0.2 crore,2024
Sanju samson,Rajasthan Royals,14 crore,2024
Avesh khan,Rajasthan Royals,10 crore,2024
Jos Buttler,Rajasthan Royals,10 crore,2024
Shimron hetmyer,Rajasthan Royals,8.5 crore,2024
Prasidh krishna,Rajasthan Royals,8 crore,2024
Trent boult,Rajasthan Royals,8 crore,2024
Rovman powell,Rajasthan Royals,7 crore,2024
Yuzvendra chahal,Rajasthan Royals,6.5 crore,2024
Ravichandran ashwin,Rajasthan Royals,5 crore,2024
Yashasvi Jaiswal,Rajasthan Royals,4 crore,2024
Riyan parag,Rajasthan Royals,3.8 crore,2024
Sandeep sharma,Rajasthan Royals,2 crore,2024
Navdeep saini,Rajasthan Royals,2 crore,2024
Adam zampa,Rajasthan Royals,1.5 crore,2024
Nandre Burger,Rajasthan Royals,0.5 crore,2024
Tom Kohler-Cadmore,Rajasthan Royals,0.4 crore,2024
Abid Mushtaq,Rajasthan Royals,0.2 crore,2024
Kunal Singh Rathore,Rajasthan Royals,0.2 crore,2024
Shubham Dubey,Rajasthan Royals,0.2 crore,2024
Dhruv Jurel,Rajasthan Royals,0.2 crore,2024
Kuldeep Sen,Rajasthan Royals,0.2 crore,2024
Cameron Green,Royal Challengers Bangalore,17.5 crore,2024
Virat kohli,Royal Challengers Bangalore,15 crore,2024
Alzarri joseph,Royal Challengers Bangalore,11.5 crore,2024
Glenn maxwell,Royal Challengers Bangalore,11 crore,2024
Faf du Plessis,Royal Challengers Bangalore,7 crore,2024
Mohammed siraj,Royal Challengers Bangalore,7 crore,2024
Dinesh karthik,Royal Challengers Bangalore,5.5 crore,2024
Mohammad Ali,Royal Challengers Bangalore,3.4 crore,2024
Yash Dayal,Royal Challengers Bangalore,3.2 crore,2024
Saurav Chauhan,Royal Challengers Bangalore,2 crore,2024
Lockie ferguson,Royal Challengers Bangalore,2 crore,2024
Mayank dagar,Royal Challengers Bangalore,1.8 crore,2024
Mahipal lomror,Royal Challengers Bangalore,0.95 crore,2024
Vijaykumar Vyshak,Royal Challengers Bangalore,0.75 crore,2024
Karn sharma,Royal Challengers Bangalore,0.5 crore,2024
Suyash Prabhudessai,Royal Challengers Bangalore,0.3 crore,2024
Himanshu Sharma,Royal Challengers Bangalore,0.2 crore,2024
Manoj Bhandage,Royal Challengers Bangalore,0.2 crore,2024
Rajan Kumar,Royal Challengers Bangalore,0.2 crore,2024
Akash Deep,Royal Challengers Bangalore,0.2 crore,2024
Rajat Patidar,Royal Challengers Bangalore,0.2 crore,2024
Swapnil singh,Royal Challengers Bangalore,0.2 crore,2024
Tom curran,Royal Challengers Bangalore,0 crore,2024
Marco Jansen,Sunrisers Eastern Cape,2.5 crore,2024
Tristan Stubbs,Sunrisers Eastern Cape,0.5 crore,2024
Patrick cummins,Sunrisers Hyderabad,20 crore,2024
Heinrich Klaasen,Sunrisers Hyderabad,9.5 crore,2024
Washington sundar,Sunrisers Hyderabad,8.75 crore,2024
Rahul tripathi,Sunrisers Hyderabad,8.5 crore,2024
Mayank agarwal,Sunrisers Hyderabad,8.25 crore,2024
Travis head,Sunrisers Hyderabad,6.8 crore,2024
Abhishek sharma,Sunrisers Hyderabad,6.5 crore,2024
Fazalhaq Farooqi,Sunrisers Hyderabad,5.0 crore,2024
Bhuvneshwar kumar,Sunrisers Hyderabad,4.2 crore,2024
Abdul Samad,Sunrisers Hyderabad,4 crore,2024
T natarajan,Sunrisers Hyderabad,4 crore,2024
Nitish Kumar Reddy,Sunrisers Hyderabad,3 crore,2024
Aiden Markram,Sunrisers Hyderabad,2.6 crore,2024
Sanvir Singh,Sunrisers Hyderabad,2 crore,2024
Upendra Yadav,Sunrisers Hyderabad,2 crore,2024
Jaydev unadkat,Sunrisers Hyderabad,1.6 crore,2024
Mayank markande,Sunrisers Hyderabad,1.50 crore,2024
Glenn Phillips,Sunrisers Hyderabad,1.5 crore,2024
Pathum Kumara,Sunrisers Hyderabad,1.3 crore,2024
Shahbaz Ahmed,Sunrisers Hyderabad,1.0 crore,2024
Anmolpreet singh,Sunrisers Hyderabad,0.8 crore,2024
Jhathavedh Subramanyan,Sunrisers Hyderabad,0.2 crore,2024
Ravindra jadeja,Chennai Super Kings,18 crore,2025
Ruturaj Gaikwad,Chennai Super Kings,18 crore,2025
Matheesha Pathirana,Chennai Super Kings,13 crore,2025
Shivam dube,Chennai Super Kings,12 crore,2025
Noor Ahmad,Chennai Super Kings,10 crore,2025
Ravichandran ashwin,Chennai Super Kings,9.75 crore,2025
Devon Conway,Chennai Super Kings,6.25 crore,2025
Khaleel ahmed,Chennai Super Kings,4.8 crore,2025
Rachin Ravindra,Chennai Super Kings,4 crore,2025
Ms dhoni,Chennai Super Kings,4 crore,2025
Anshul Kamboj,Chennai Super Kings,3.4 crore,2025
Rahul tripathi,Chennai Super Kings,3.4 crore,2025
Sam Curran,Chennai Super Kings,2.4 crore,2025
Gurjapneet Singh,Chennai Super Kings,2.2 crore,2025
Nathan Ellis,Chennai Super Kings,2 crore,2025
Deepak hooda,Chennai Super Kings,1.7 crore,2025
Jamie Overton,Chennai Super Kings,1.5 crore,2025
Vijay shankar,Chennai Super Kings,1.4 crore,2025
Vansh Bedi,Chennai Super Kings,0.55 crore,2025
Andre Siddarth,Chennai Super Kings,0.3 crore,2025
Kamlesh Nagarkoti,Chennai Super Kings,0.3 crore,2025
Mukesh Choudhary,Chennai Super Kings,0.3 crore,2025
Ramakrishna Ghosh,Chennai Super Kings,0.3 crore,2025
Shaik Rasheed,Chennai Super Kings,0.3 crore,2025
Shreyas gopal,Chennai Super Kings,0.3 crore,2025
Axar patel,Delhi Capitals,16.5 crore,2025
Lokesh rahul,Delhi Capitals,14 crore,2025
Kuldeep yadav,Delhi Capitals,13.25 crore,2025
Mitchell starc,Delhi Capitals,11.75 crore,2025
T natarajan,Delhi Capitals,10.75 crore,2025
Tristan Stubbs,Delhi Capitals,10 crore,2025
Jake Fraser-McGurk,Delhi Capitals,9 crore,2025
Mukesh Kumar,Delhi Capitals,8 crore,2025
Harry Brook,Delhi Capitals,6.25 crore,2025
Abishek Porel,Delhi Capitals,4 crore,2025
Ashutosh Sharma,Delhi Capitals,3.8 crore,2025
Mohit sharma,Delhi Capitals,2.2 crore,2025
Faf du Plessis,Delhi Capitals,2 crore,2025
Sameer Rizvi,Delhi Capitals,0.95 crore,2025
Donovan Ferreira,Delhi Capitals,0.75 crore,2025
Dushmantha Chameera,Delhi Capitals,0.75 crore,2025
Karun nair,Delhi Capitals,0.5 crore,2025
Vipraj Nigam,Delhi Capitals,0.5 crore,2025
Madhav Tiwari,Delhi Capitals,0.4 crore,2025
Ajay Mandal,Delhi Capitals,0.3 crore,2025
Darshan Nalkande,Delhi Capitals,0.3 crore,2025
Manvanth Kumar,Delhi Capitals,0.3 crore,2025
Tripurana Vijay,Delhi Capitals,0.3 crore,2025
Rashid Khan,Gujarat Titans,18 crore,2025
Shubman gill,Gujarat Titans,16 crore,2025
Jos Buttler,Gujarat Titans,15.75 crore,2025
Mohammed siraj,Gujarat Titans,12.25 crore,2025
Kagiso Rabada,Gujarat Titans,10.75 crore,2025
Prasidh krishna,Gujarat Titans,9.5 crore,2025
Sai Sudharsan,Gujarat Titans,8.5 crore,2025
Rahul tewatia,Gujarat Titans,4 crore,2025
Shahrukh Khan,Gujarat Titans,4 crore,2025
Washington sundar,Gujarat Titans,3.2 crore,2025
Sherfane rutherford,Gujarat Titans,2.6 crore,2025
Gerald Coetzee,Gujarat Titans,2.4 crore,2025
Glenn Phillips,Gujarat Titans,2 crore,2025
Sai Kishore,Gujarat Titans,2 crore,2025
Mahipal lomror,Gujarat Titans,1.7 crore,2025
Gurnoor Singh Brar,Gujarat Titans,1.3 crore,2025
Mohd. Arshad Khan,Gujarat Titans,1.3 crore,2025
Ishant sharma,Gujarat Titans,0.75 crore,2025
Jayant yadav,Gujarat Titans,0.75 crore,2025
Karim Janat,Gujarat Titans,0.75 crore,2025
Kumar Kushagra,Gujarat Titans,0.65 crore,2025
Anuj Rawat,Gujarat Titans,0.3 crore,2025
Manav Suthar,Gujarat Titans,0.3 crore,2025
Nishant Sindhu,Gujarat Titans,0.3 crore,2025
Venkatesh Iyer,Kolkata Knight Riders,23.75 crore,2025
Rinku singh,Kolkata Knight Riders,13 crore,2025
Andre russell,Kolkata Knight Riders,12 crore,2025
Sunil narine,Kolkata Knight Riders,12 crore,2025
Varun chakravarthy,Kolkata Knight Riders,12 crore,2025
Anrich Nortje,Kolkata Knight Riders,6.5 crore,2025
Harshit Rana,Kolkata Knight Riders,4 crore,2025
Ramandeep Singh,Kolkata Knight Riders,4 crore,2025
Quinton de Kock,Kolkata Knight Riders,3.6 crore,2025
Angkrish Raghuvanshi,Kolkata Knight Riders,3 crore,2025
Spencer Johnson,Kolkata Knight Riders,2.8 crore,2025
Moeen Ali,Kolkata Knight Riders,2 crore,2025
Rahmanullah Gurbaz,Kolkata Knight Riders,2 crore,2025
Vaibhav Arora,Kolkata Knight Riders,1.8 crore,2025
Ajinkya rahane,Kolkata Knight Riders,1.5 crore,2025
Rovman powell,Kolkata Knight Riders,1.5 crore,2025
Mayank markande,Kolkata Knight Riders,0.3 crore,2025
Rishabh pant,Lucknow Supergiants,27 crore,2025
Nicholas Pooran,Lucknow Supergiants,21 crore,2025
Mayank Yadav,Lucknow Supergiants,11 crore,2025
Ravi Bishnoi,Lucknow Supergiants,11 crore,2025
Avesh khan,Lucknow Supergiants,9.75 crore,2025
David Miller,Lucknow Supergiants,7.5 crore,2025
Abdul Samad,Lucknow Supergiants,4.2 crore,2025
Ayush Badoni,Lucknow Supergiants,4 crore,2025
Mitchell marsh,Lucknow Supergiants,3.4 crore,2025
Aiden Markram,Lucknow Supergiants,2 crore,2025
Aryan Juyal,Lucknow Supergiants,0.3 crore,2025
Jasprit bumrah,Mumbai Indians,18 crore,2025
Hardik pandya,Mumbai Indians,16.35 crore,2025
Rohit sharma,Mumbai Indians,16.3 crore,2025
Suryakumar yadav,Mumbai Indians,16.35 crore,2025
Trent boult,Mumbai Indians,12.5 crore,2025
Deepak chahar,Mumbai Indians,9.5 crore,2025
Tilak Varma,Mumbai Indians,8 crore,2025
Naman Dhir,Mumbai Indians,5.25 crore,2025
Will Jacks,Mumbai Indians,5.25 crore,2025
Mitchell santner,Mumbai Indians,2 crore,2025
Reece Topley,Mumbai Indians,0.75 crore,2025
Robin Minz,Mumbai Indians,0.65 crore,2025
Karan Sharma,Mumbai Indians,0.5 crore,2025
Shreyas iyer,Punjab Kings,26.75 crore,2025
Arshdeep singh,Punjab Kings,18 crore,2025
Yuzvendra chahal,Punjab Kings,18 crore,2025
Marcus Stoinis,Punjab Kings,11 crore,2025
Marco Jansen,Punjab Kings,7 crore,2025
Malsha Tharupathi,Punjab Kings,5.5 crore,2025
Glenn maxwell,Punjab Kings,4.2 crore,2025
Nehal Wadhera,Punjab Kings,4.2 crore,2025
Simran singh,Punjab Kings,4 crore,2025
Lockie ferguson,Punjab Kings,2 crore,2025
Vijaykumar Vyshak,Punjab Kings,1.8 crore,2025
Yash Thakur,Punjab Kings,1.6 crore,2025
Harpreet brar,Punjab Kings,1.5 crore,2025
Vishnu vinod,Punjab Kings,0.95 crore,2025
Sanju samson,Rajasthan Royals,18 crore,2025
Yashasvi Jaiswal,Rajasthan Royals,18 crore,2025
Dhruv Jurel,Rajasthan Royals,14 crore,2025
Riyan parag,Rajasthan Royals,14 crore,2025
Jofra Archer,Rajasthan Royals,12.5 crore,2025
Shimron hetmyer,Rajasthan Royals,11 crore,2025
Tushar Deshpande,Rajasthan Royals,6.5 crore,2025
Wanindu Hasaranga,Rajasthan Royals,5.25 crore,2025
Maheesh Theekshana,Rajasthan Royals,4.4 crore,2025
Nitish rana,Rajasthan Royals,4.2 crore,2025
Sandeep sharma,Rajasthan Royals,4 crore,2025
Akash Madhwal,Rajasthan Royals,1.2 crore,2025
Vaibhav Suryavanshi,Rajasthan Royals,1.1 crore,2025
Kumar Kartikeya,Rajasthan Royals,0.3 crore,2025
Virat kohli,Royal Challengers Bangalore,21 crore,2025
Josh Hazlewood,Royal Challengers Bangalore,12.5 crore,2025
Phil Salt,Royal Challengers Bangalore,11.5 crore,2025
Jitesh Sharma,Royal Challengers Bangalore,11 crore,2025
Rajat Patidar,Royal Challengers Bangalore,11 crore,2025
Bhuvneshwar kumar,Royal Challengers Bangalore,10.75 crore,2025
Liam Livingstone,Royal Challengers Bangalore,8.75 crore,2025
Rasikh dar,Royal Challengers Bangalore,6 crore,2025
Krunal pandya,Royal Challengers Bangalore,5.75 crore,2025
Yash Dayal,Royal Challengers Bangalore,5 crore,2025
Tim David,Royal Challengers Bangalore,3 crore,2025
Suyash Sharma,Royal Challengers Bangalore,2.6 crore,2025
Devdutt Padikkal,Royal Challengers Bangalore,2 crore,2025
Heinrich Klaasen,Sunrisers Hyderabad,23 crore,2025
Patrick cummins,Sunrisers Hyderabad,18 crore,2025
Abhishek sharma,Sunrisers Hyderabad,14 crore,2025
Travis head,Sunrisers Hyderabad,14 crore,2025
Ishan kishan,Sunrisers Hyderabad,11.25 crore,2025
Mohammad shami,Sunrisers Hyderabad,10 crore,2025
Harshal patel,Sunrisers Hyderabad,8 crore,2025
Nitish Kumar Reddy,Sunrisers Hyderabad,6 crore,2025
Abhinav Manohar,Sunrisers Hyderabad,3.2 crore,2025
Rahul chahar,Sunrisers Hyderabad,3.2 crore,2025
Adam zampa,Sunrisers Hyderabad,2.4 crore,2025
Simarjeet Singh,Sunrisers Hyderabad,1.5 crore,2025
Atharva Taide,Sunrisers Hyderabad,0.3 crore,2025
